/*
Navicat MySQL Data Transfer

Source Server         : 192.168.0.254
Source Server Version : 50717
Source Host           : 192.168.0.254:3306
Source Database       : testdb

Target Server Type    : MYSQL
Target Server Version : 50717
File Encoding         : 65001

Date: 2019-08-21 16:07:51
*/

SET FOREIGN_KEY_CHECKS=0;

-- ----------------------------
-- Table structure for account
-- ----------------------------
DROP TABLE IF EXISTS `account`;
CREATE TABLE `account` (
  `id` bigint(20) NOT NULL AUTO_INCREMENT,
  `user_id` bigint(20) DEFAULT NULL COMMENT 'otc用户ID（otc_user表ID）',
  `account_type` int(11) DEFAULT NULL COMMENT '账户类型：1，币币交易可用余额账户；2，币币交易冻结账户；3，押金账户; ',
  `amount` decimal(30,10) DEFAULT NULL COMMENT '币数量',
  `coin_code` varchar(50) DEFAULT NULL COMMENT '币种code',
  `gmt_created_time` datetime DEFAULT NULL,
  `gmt_modified_time` datetime DEFAULT NULL,
  PRIMARY KEY (`id`),
  UNIQUE KEY `uk_account_id` (`user_id`,`account_type`,`coin_code`) USING BTREE
) ENGINE=InnoDB AUTO_INCREMENT=93 DEFAULT CHARSET=utf8 COMMENT='OTC账户表';

-- ----------------------------
-- Records of account
-- ----------------------------
INSERT INTO `account` VALUES ('1', '2', '1', '132.0688000000', 'USDT', '2019-03-01 10:27:23', '2019-04-16 15:04:32');
INSERT INTO `account` VALUES ('2', '2', '2', '0.0000000000', 'USDT', '2019-03-01 10:34:10', '2019-04-16 15:05:12');
INSERT INTO `account` VALUES ('3', '3', '1', '20.2412000000', 'USDT', '2019-03-01 10:36:40', '2019-06-19 16:04:53');
INSERT INTO `account` VALUES ('4', '6', '1', '2.0000000000', 'USDT', '2019-03-01 10:41:02', '2019-03-01 10:46:12');
INSERT INTO `account` VALUES ('5', '6', '2', '0.0000000000', 'USDT', '2019-03-01 10:42:08', '2019-03-01 10:43:55');
INSERT INTO `account` VALUES ('6', '3', '2', '0.0000000000', 'USDT', '2019-03-27 19:53:51', '2019-05-10 14:50:44');
INSERT INTO `account` VALUES ('8', '5', '1', '985.0000000000', 'USDT', '2019-04-12 19:58:28', '2019-06-10 10:40:26');
INSERT INTO `account` VALUES ('9', '165', '1', '0.0000000000', 'USDT', '2019-04-13 09:24:35', '2019-04-19 08:58:27');
INSERT INTO `account` VALUES ('10', '240', '1', '0.0000000000', 'USDT', '2019-04-13 12:20:40', '2019-04-13 15:48:28');
INSERT INTO `account` VALUES ('11', '277', '1', '0.0000000000', 'USDT', '2019-04-13 15:11:02', '2019-04-13 15:31:20');
INSERT INTO `account` VALUES ('12', '277', '2', '0.0000000000', 'USDT', '2019-04-13 15:12:15', '2019-04-13 15:27:17');
INSERT INTO `account` VALUES ('13', '57', '1', '0.0000000000', 'USDT', '2019-04-13 16:32:44', '2019-04-26 10:56:04');
INSERT INTO `account` VALUES ('14', '79', '1', '0.0000001000', 'USDT', '2019-04-13 17:14:22', '2019-04-13 17:14:22');
INSERT INTO `account` VALUES ('15', '27', '1', '39485.5675000000', 'USDT', '2019-04-13 19:36:57', '2019-05-09 16:18:12');
INSERT INTO `account` VALUES ('16', '454', '1', '0.0000000000', 'USDT', '2019-04-15 03:10:20', '2019-04-15 11:43:56');
INSERT INTO `account` VALUES ('17', '22', '1', '60133.7574000000', 'USDT', '2019-04-15 08:54:27', '2019-05-09 09:09:41');
INSERT INTO `account` VALUES ('18', '22', '2', '20000.0000000000', 'USDT', '2019-04-15 09:00:45', '2019-05-09 09:09:41');
INSERT INTO `account` VALUES ('19', '331', '1', '0.0000000000', 'USDT', '2019-04-15 09:05:48', '2019-04-15 13:47:34');
INSERT INTO `account` VALUES ('20', '331', '2', '0.0000000000', 'USDT', '2019-04-15 09:18:24', '2019-04-15 13:44:44');
INSERT INTO `account` VALUES ('21', '27', '2', '0.0000000000', 'USDT', '2019-04-15 09:32:47', '2019-05-09 16:18:12');
INSERT INTO `account` VALUES ('22', '146', '1', '0.0000000000', 'USDT', '2019-04-15 09:41:08', '2019-04-17 14:58:35');
INSERT INTO `account` VALUES ('23', '57', '2', '0.0000000000', 'USDT', '2019-04-15 09:41:26', '2019-04-26 10:48:52');
INSERT INTO `account` VALUES ('24', '28', '1', '5260.2600000000', 'USDT', '2019-04-15 09:43:46', '2019-04-15 10:06:58');
INSERT INTO `account` VALUES ('25', '23', '1', '4535.9800000000', 'USDT', '2019-04-15 09:49:40', '2019-04-27 15:14:35');
INSERT INTO `account` VALUES ('26', '496', '1', '0.0000000000', 'USDT', '2019-04-15 09:53:31', '2019-04-30 18:04:54');
INSERT INTO `account` VALUES ('27', '496', '2', '0.0000000000', 'USDT', '2019-04-15 09:57:11', '2019-04-15 10:06:58');
INSERT INTO `account` VALUES ('28', '82', '1', '0.0000000000', 'USDT', '2019-04-15 10:58:58', '2019-04-15 10:59:54');
INSERT INTO `account` VALUES ('29', '102', '1', '0.0000000000', 'USDT', '2019-04-15 11:28:50', '2019-04-15 13:35:54');
INSERT INTO `account` VALUES ('30', '102', '2', '0.0000000000', 'USDT', '2019-04-15 13:35:54', '2019-04-15 13:56:25');
INSERT INTO `account` VALUES ('31', '24', '1', '1453.0000000000', 'USDT', '2019-04-15 13:56:26', '2019-04-15 13:56:26');
INSERT INTO `account` VALUES ('32', '25', '1', '18043.4240000000', 'USDT', '2019-04-15 14:25:16', '2019-04-27 14:51:34');
INSERT INTO `account` VALUES ('33', '262', '1', '0.0000000000', 'USDT', '2019-04-15 15:02:06', '2019-04-27 14:42:31');
INSERT INTO `account` VALUES ('34', '366', '1', '0.0000000000', 'USDT', '2019-04-15 17:27:02', '2019-04-27 20:14:39');
INSERT INTO `account` VALUES ('35', '49', '1', '0.0000000000', 'USDT', '2019-04-15 18:23:08', '2019-05-09 13:23:23');
INSERT INTO `account` VALUES ('36', '76', '1', '0.0000000000', 'USDT', '2019-04-16 10:18:11', '2019-04-16 10:19:02');
INSERT INTO `account` VALUES ('37', '76', '2', '0.0000000000', 'USDT', '2019-04-16 10:19:02', '2019-04-16 10:29:53');
INSERT INTO `account` VALUES ('38', '579', '1', '0.0000000000', 'USDT', '2019-04-16 10:19:25', '2019-04-17 09:58:33');
INSERT INTO `account` VALUES ('39', '579', '2', '0.0000000000', 'USDT', '2019-04-16 10:19:57', '2019-04-17 09:35:26');
INSERT INTO `account` VALUES ('40', '225', '1', '0.0000000000', 'USDT', '2019-04-16 14:13:40', '2019-05-09 12:13:45');
INSERT INTO `account` VALUES ('41', '14', '1', '3.0000000000', 'USDT', '2019-04-16 14:54:37', '2019-04-16 14:54:37');
INSERT INTO `account` VALUES ('42', '8', '1', '2.0000000000', 'USDT', '2019-04-16 14:54:49', '2019-04-16 14:54:49');
INSERT INTO `account` VALUES ('43', '17', '1', '3.0000000000', 'USDT', '2019-04-16 14:55:06', '2019-04-16 14:55:06');
INSERT INTO `account` VALUES ('44', '619', '1', '0.0000000000', 'USDT', '2019-04-16 16:26:10', '2019-04-16 16:27:13');
INSERT INTO `account` VALUES ('45', '570', '1', '0.0000000000', 'USDT', '2019-04-16 21:26:02', '2019-04-17 11:05:28');
INSERT INTO `account` VALUES ('46', '146', '2', '0.0000000000', 'USDT', '2019-04-17 14:37:15', '2019-04-17 14:52:17');
INSERT INTO `account` VALUES ('47', '77', '1', '0.0000000000', 'USDT', '2019-04-17 14:41:52', '2019-04-17 19:11:13');
INSERT INTO `account` VALUES ('48', '77', '2', '0.0000000000', 'USDT', '2019-04-17 15:11:21', '2019-04-17 17:52:28');
INSERT INTO `account` VALUES ('49', '687', '1', '0.0000000000', 'USDT', '2019-04-19 13:26:37', '2019-04-19 13:27:43');
INSERT INTO `account` VALUES ('50', '581', '1', '0.0000000000', 'USDT', '2019-04-19 15:02:02', '2019-04-19 16:00:34');
INSERT INTO `account` VALUES ('51', '581', '2', '0.0000000000', 'USDT', '2019-04-19 15:02:36', '2019-04-19 15:54:09');
INSERT INTO `account` VALUES ('52', '381', '1', '0.0000000000', 'USDT', '2019-04-19 15:20:34', '2019-04-19 15:23:03');
INSERT INTO `account` VALUES ('53', '323', '1', '0.0000000000', 'USDT', '2019-04-19 22:32:07', '2019-04-20 09:26:33');
INSERT INTO `account` VALUES ('54', '30', '1', '0.0000000000', 'USDT', '2019-04-20 15:10:27', '2019-04-26 12:46:47');
INSERT INTO `account` VALUES ('55', '712', '1', '0.0000000000', 'USDT', '2019-04-20 15:54:03', '2019-04-29 11:46:16');
INSERT INTO `account` VALUES ('56', '36', '1', '0.0000000000', 'USDT', '2019-04-20 15:58:00', '2019-04-20 16:40:39');
INSERT INTO `account` VALUES ('57', '473', '1', '0.0000000000', 'USDT', '2019-04-21 17:00:11', '2019-04-23 08:52:20');
INSERT INTO `account` VALUES ('58', '30', '2', '0.0000000000', 'USDT', '2019-04-21 18:27:34', '2019-04-21 18:59:29');
INSERT INTO `account` VALUES ('59', '324', '1', '0.0000000000', 'USDT', '2019-04-21 18:52:18', '2019-04-21 20:01:29');
INSERT INTO `account` VALUES ('60', '539', '1', '0.0000000000', 'USDT', '2019-04-23 18:10:02', '2019-04-30 00:15:12');
INSERT INTO `account` VALUES ('61', '712', '2', '0.0000000000', 'USDT', '2019-04-24 09:25:59', '2019-04-24 20:25:23');
INSERT INTO `account` VALUES ('62', '539', '2', '0.0000000000', 'USDT', '2019-04-24 10:13:46', '2019-04-29 09:31:41');
INSERT INTO `account` VALUES ('63', '133', '1', '0.0000000000', 'USDT', '2019-04-25 12:07:42', '2019-05-05 12:53:30');
INSERT INTO `account` VALUES ('64', '133', '2', '0.0000000000', 'USDT', '2019-04-25 12:08:13', '2019-05-05 12:33:18');
INSERT INTO `account` VALUES ('65', '668', '1', '0.0000000000', 'USDT', '2019-04-25 17:33:28', '2019-05-08 17:35:20');
INSERT INTO `account` VALUES ('66', '370', '1', '0.0000000000', 'USDT', '2019-04-25 19:32:51', '2019-05-08 18:17:42');
INSERT INTO `account` VALUES ('67', '25', '2', '0.0000000000', 'USDT', '2019-04-26 09:57:25', '2019-04-26 10:12:28');
INSERT INTO `account` VALUES ('68', '779', '1', '0.0000000000', 'USDT', '2019-04-26 11:25:06', '2019-04-26 11:42:49');
INSERT INTO `account` VALUES ('69', '744', '1', '0.0000000000', 'USDT', '2019-04-26 12:39:50', '2019-04-27 10:07:28');
INSERT INTO `account` VALUES ('70', '262', '2', '0.0000000000', 'USDT', '2019-04-26 13:05:30', '2019-04-27 14:51:34');
INSERT INTO `account` VALUES ('71', '785', '1', '0.0000000000', 'USDT', '2019-04-26 18:57:52', '2019-05-05 18:14:47');
INSERT INTO `account` VALUES ('72', '241', '1', '0.0000000000', 'USDT', '2019-04-28 21:35:59', '2019-04-28 21:38:56');
INSERT INTO `account` VALUES ('73', '502', '1', '0.0000000000', 'USDT', '2019-05-05 09:03:01', '2019-05-05 09:09:30');
INSERT INTO `account` VALUES ('74', '842', '1', '0.0000000000', 'USDT', '2019-05-07 09:22:41', '2019-05-07 09:23:36');
INSERT INTO `account` VALUES ('75', '626', '1', '0.0000000000', 'USDT', '2019-05-07 16:26:41', '2019-05-07 16:28:17');
INSERT INTO `account` VALUES ('76', '358', '1', '0.0000000000', 'USDT', '2019-05-08 09:33:10', '2019-05-08 13:35:22');
INSERT INTO `account` VALUES ('77', '529', '1', '0.0000000000', 'USDT', '2019-05-08 09:51:29', '2019-05-08 13:35:49');
INSERT INTO `account` VALUES ('78', '397', '1', '0.0000000000', 'USDT', '2019-05-09 09:55:20', '2019-05-09 10:16:20');
INSERT INTO `account` VALUES ('79', '855', '1', '0.0000000000', 'USDT', '2019-05-09 11:11:59', '2019-05-09 11:23:07');
INSERT INTO `account` VALUES ('80', '5', '3', '5000.0000000000', 'USDT', '2019-05-10 14:47:03', '2019-05-10 14:47:03');
INSERT INTO `account` VALUES ('81', '5', '2', '0.0000000000', 'USDT', '2019-05-10 14:47:51', '2019-06-10 10:38:54');
INSERT INTO `account` VALUES ('82', '865', '1', '998.0000000000', 'USDT', '2019-06-17 14:04:43', '2019-07-02 14:57:41');
INSERT INTO `account` VALUES ('83', '865', '3', '5000.0000000000', 'USDT', '2019-06-17 14:06:29', '2019-06-17 14:06:29');
INSERT INTO `account` VALUES ('84', '865', '2', '0.0000000000', 'USDT', '2019-06-17 14:11:08', '2019-07-02 14:57:41');
INSERT INTO `account` VALUES ('85', '867', '1', '996.0000000000', 'USDT', '2019-06-17 17:11:07', '2019-07-02 17:33:44');
INSERT INTO `account` VALUES ('86', '867', '3', '5000.0000000000', 'USDT', '2019-06-17 17:11:51', '2019-06-17 17:11:51');
INSERT INTO `account` VALUES ('87', '867', '2', '0.0000000000', 'USDT', '2019-06-17 17:12:44', '2019-07-02 17:33:44');
INSERT INTO `account` VALUES ('88', '866', '1', '4.0000000000', 'USDT', '2019-06-17 17:13:33', '2019-06-17 17:33:19');
INSERT INTO `account` VALUES ('89', '868', '1', '1000.0000000000', 'USDT', '2019-06-17 18:12:58', '2019-07-02 18:18:44');
INSERT INTO `account` VALUES ('90', '868', '3', '5000.0000000000', 'USDT', '2019-06-17 18:13:35', '2019-06-17 18:13:35');
INSERT INTO `account` VALUES ('91', '868', '2', '0.0000000000', 'USDT', '2019-06-17 18:14:17', '2019-07-02 18:18:44');
INSERT INTO `account` VALUES ('92', '875', '1', '7.8000000000', 'USDT', '2019-06-19 11:47:01', '2019-06-20 15:48:53');

-- ----------------------------
-- Table structure for account_entry
-- ----------------------------
DROP TABLE IF EXISTS `account_entry`;
CREATE TABLE `account_entry` (
  `id` bigint(20) NOT NULL AUTO_INCREMENT,
  `user_id` bigint(20) DEFAULT NULL COMMENT 'otc用户ID（otc_user表ID）',
  `otc_account_id` bigint(20) NOT NULL COMMENT '账户ID',
  `biz_type` int(11) DEFAULT NULL COMMENT '业务类型:1,资金划转订单: 2, 委托交易订单: 3, 撤销委托交易订单:',
  `amount` decimal(30,10) DEFAULT NULL COMMENT '本次操作币数量',
  `coin_code` varchar(50) DEFAULT NULL COMMENT '币种code',
  `account_type` int(11) DEFAULT NULL COMMENT '账户类型：1，可用账户；2，冻结账户；3，押金账户',
  `biz_order_no` varchar(50) NOT NULL COMMENT '业务订单号：包含划转、广告、订单等单号',
  `remark` varchar(255) DEFAULT NULL COMMENT '备注',
  `gmt_created_time` datetime DEFAULT NULL,
  `gmt_modified_time` datetime DEFAULT NULL,
  PRIMARY KEY (`id`),
  UNIQUE KEY `account` (`otc_account_id`,`account_type`,`biz_type`,`biz_order_no`) USING BTREE
) ENGINE=InnoDB AUTO_INCREMENT=903 DEFAULT CHARSET=utf8 COMMENT='资金流水表';

-- ----------------------------
-- Records of account_entry
-- ----------------------------
INSERT INTO `account_entry` VALUES ('1', '2', '1', '1', '1.0000000000', 'USDT', '1', '181903011027229899731', '资金划转', '2019-03-01 10:27:23', '2019-03-01 10:27:23');
INSERT INTO `account_entry` VALUES ('2', '2', '1', '1', '99.0000000000', 'USDT', '1', '181903011027489981139', '资金划转', '2019-03-01 10:27:49', '2019-03-01 10:27:49');
INSERT INTO `account_entry` VALUES ('3', '2', '2', '2', '10.0000000000', 'USDT', '2', '20190301103410330686', '发布广告卖单', '2019-03-01 10:34:10', '2019-03-01 10:34:10');
INSERT INTO `account_entry` VALUES ('4', '2', '1', '2', '-10.0000000000', 'USDT', '1', '20190301103410330686', '发布广告卖单', '2019-03-01 10:34:10', '2019-03-01 10:34:10');
INSERT INTO `account_entry` VALUES ('5', '2', '2', '6', '-1.0000000000', 'USDT', '2', '0001903011035563931651', '放币', '2019-03-01 10:36:40', '2019-03-01 10:36:40');
INSERT INTO `account_entry` VALUES ('6', '3', '3', '6', '1.0000000000', 'USDT', '1', '0001903011035563931651', '放币', '2019-03-01 10:36:40', '2019-03-01 10:36:40');
INSERT INTO `account_entry` VALUES ('7', '6', '4', '16', '1.0000000000', 'USDT', '1', '0001903011040316535173', '申诉可用账户增加', '2019-03-01 10:41:02', '2019-03-01 10:41:02');
INSERT INTO `account_entry` VALUES ('8', '2', '2', '15', '-1.0000000000', 'USDT', '2', '0001903011040316535173', '申诉冻结账户减少', '2019-03-01 10:41:02', '2019-03-01 10:41:02');
INSERT INTO `account_entry` VALUES ('9', '6', '4', '4', '-1.0000000000', 'USDT', '1', '0001903011042075454971', '用户下卖单', '2019-03-01 10:42:08', '2019-03-01 10:42:08');
INSERT INTO `account_entry` VALUES ('10', '6', '5', '4', '1.0000000000', 'USDT', '2', '0001903011042075454971', '用户下卖单', '2019-03-01 10:42:08', '2019-03-01 10:42:08');
INSERT INTO `account_entry` VALUES ('11', '6', '5', '15', '-1.0000000000', 'USDT', '2', '0001903011042075454971', '申诉冻结账户减少', '2019-03-01 10:43:55', '2019-03-01 10:43:55');
INSERT INTO `account_entry` VALUES ('12', '6', '4', '16', '1.0000000000', 'USDT', '1', '0001903011042075454971', '申诉可用账户增加', '2019-03-01 10:43:55', '2019-03-01 10:43:55');
INSERT INTO `account_entry` VALUES ('13', '2', '2', '6', '-1.0000000000', 'USDT', '2', '0001903011044493580552', '放币', '2019-03-01 10:46:12', '2019-03-01 10:46:12');
INSERT INTO `account_entry` VALUES ('14', '6', '4', '6', '1.0000000000', 'USDT', '1', '0001903011044493580552', '放币', '2019-03-01 10:46:12', '2019-03-01 10:46:12');
INSERT INTO `account_entry` VALUES ('15', '2', '2', '2', '10.0000000000', 'USDT', '2', '20190301105554186346', '发布广告卖单', '2019-03-01 10:55:54', '2019-03-01 10:55:54');
INSERT INTO `account_entry` VALUES ('16', '2', '1', '2', '-10.0000000000', 'USDT', '1', '20190301105554186346', '发布广告卖单', '2019-03-01 10:55:54', '2019-03-01 10:55:54');
INSERT INTO `account_entry` VALUES ('17', '2', '1', '1', '0.0100000000', 'USDT', '1', '181903050335487000552', '资金划转', '2019-03-05 03:35:49', '2019-03-05 03:35:49');
INSERT INTO `account_entry` VALUES ('18', '2', '2', '2', '1.0000000000', 'USDT', '2', '20190327194650783373', '发布广告卖单', '2019-03-27 19:46:51', '2019-03-27 19:46:51');
INSERT INTO `account_entry` VALUES ('19', '2', '1', '2', '-1.0000000000', 'USDT', '1', '20190327194650783373', '发布广告卖单', '2019-03-27 19:46:51', '2019-03-27 19:46:51');
INSERT INTO `account_entry` VALUES ('20', '2', '2', '6', '-1.0000000000', 'USDT', '2', '0001903271947297374431', '放币', '2019-03-27 19:52:32', '2019-03-27 19:52:32');
INSERT INTO `account_entry` VALUES ('21', '3', '3', '6', '1.0000000000', 'USDT', '1', '0001903271947297374431', '放币', '2019-03-27 19:52:32', '2019-03-27 19:52:32');
INSERT INTO `account_entry` VALUES ('22', '3', '3', '4', '-1.0000000000', 'USDT', '1', '0001903271953510579125', '用户下卖单', '2019-03-27 19:53:51', '2019-03-27 19:53:51');
INSERT INTO `account_entry` VALUES ('23', '3', '6', '4', '1.0000000000', 'USDT', '2', '0001903271953510579125', '用户下卖单', '2019-03-27 19:53:51', '2019-03-27 19:53:51');
INSERT INTO `account_entry` VALUES ('24', '3', '6', '6', '-1.0000000000', 'USDT', '2', '0001903271953510579125', '放币', '2019-03-27 19:55:03', '2019-03-27 19:55:03');
INSERT INTO `account_entry` VALUES ('25', '2', '1', '6', '1.0000000000', 'USDT', '1', '0001903271953510579125', '放币', '2019-03-27 19:55:03', '2019-03-27 19:55:03');
INSERT INTO `account_entry` VALUES ('26', '2', '2', '2', '10.0000000000', 'USDT', '2', '20190327203518884362', '发布广告卖单', '2019-03-27 20:35:19', '2019-03-27 20:35:19');
INSERT INTO `account_entry` VALUES ('27', '2', '1', '2', '-10.0000000000', 'USDT', '1', '20190327203518884362', '发布广告卖单', '2019-03-27 20:35:19', '2019-03-27 20:35:19');
INSERT INTO `account_entry` VALUES ('28', '2', '2', '2', '1.0000000000', 'USDT', '2', '20190327203558522325', '发布广告卖单', '2019-03-27 20:35:59', '2019-03-27 20:35:59');
INSERT INTO `account_entry` VALUES ('29', '2', '1', '2', '-1.0000000000', 'USDT', '1', '20190327203558522325', '发布广告卖单', '2019-03-27 20:35:59', '2019-03-27 20:35:59');
INSERT INTO `account_entry` VALUES ('30', '2', '2', '2', '10.0000000000', 'USDT', '2', '20190410171117832503', '发布广告卖单', '2019-04-10 17:11:18', '2019-04-10 17:11:18');
INSERT INTO `account_entry` VALUES ('31', '2', '1', '2', '-10.0000000000', 'USDT', '1', '20190410171117832503', '发布广告卖单', '2019-04-10 17:11:18', '2019-04-10 17:11:18');
INSERT INTO `account_entry` VALUES ('33', '2', '1', '1', '-1.0000000000', 'USDT', '1', '181904121939449450296', '资金划转', '2019-04-12 19:39:45', '2019-04-12 19:39:45');
INSERT INTO `account_entry` VALUES ('34', '2', '2', '2', '10.0000000000', 'USDT', '2', '20190412194433504342', '发布广告卖单', '2019-04-12 19:44:34', '2019-04-12 19:44:34');
INSERT INTO `account_entry` VALUES ('35', '2', '1', '2', '-10.0000000000', 'USDT', '1', '20190412194433504342', '发布广告卖单', '2019-04-12 19:44:34', '2019-04-12 19:44:34');
INSERT INTO `account_entry` VALUES ('36', '2', '1', '1', '-1.0000000000', 'USDT', '1', '181904121944587095394', '资金划转', '2019-04-12 19:44:59', '2019-04-12 19:44:59');
INSERT INTO `account_entry` VALUES ('37', '2', '2', '3', '-10.0000000000', 'USDT', '2', '20190412194433504342', '撤销广告卖单', '2019-04-12 19:45:01', '2019-04-12 19:45:01');
INSERT INTO `account_entry` VALUES ('38', '2', '1', '3', '10.0000000000', 'USDT', '1', '20190412194433504342', '撤销广告卖单', '2019-04-12 19:45:01', '2019-04-12 19:45:01');
INSERT INTO `account_entry` VALUES ('39', '2', '1', '1', '50.0000000000', 'USDT', '1', '181904121955552291398', '资金划转', '2019-04-12 19:55:55', '2019-04-12 19:55:55');
INSERT INTO `account_entry` VALUES ('40', '2', '2', '2', '100.0000000000', 'USDT', '2', '20190412195743491511', '发布广告卖单', '2019-04-12 19:57:43', '2019-04-12 19:57:43');
INSERT INTO `account_entry` VALUES ('41', '2', '1', '2', '-100.0000000000', 'USDT', '1', '20190412195743491511', '发布广告卖单', '2019-04-12 19:57:44', '2019-04-12 19:57:44');
INSERT INTO `account_entry` VALUES ('42', '2', '2', '3', '-100.0000000000', 'USDT', '2', '20190412195743491511', '撤销广告卖单', '2019-04-12 19:58:02', '2019-04-12 19:58:02');
INSERT INTO `account_entry` VALUES ('43', '2', '1', '3', '100.0000000000', 'USDT', '1', '20190412195743491511', '撤销广告卖单', '2019-04-12 19:58:02', '2019-04-12 19:58:02');
INSERT INTO `account_entry` VALUES ('44', '5', '8', '1', '1.0000000000', 'USDT', '1', '181904121958277592351', '资金划转', '2019-04-12 19:58:28', '2019-04-12 19:58:28');
INSERT INTO `account_entry` VALUES ('45', '5', '8', '1', '-1.0000000000', 'USDT', '1', '181904121958458570173', '资金划转', '2019-04-12 19:58:46', '2019-04-12 19:58:46');
INSERT INTO `account_entry` VALUES ('46', '5', '8', '1', '1.0000000000', 'USDT', '1', '181904121959422742972', '资金划转', '2019-04-12 19:59:42', '2019-04-12 19:59:42');
INSERT INTO `account_entry` VALUES ('47', '5', '8', '1', '-1.0000000000', 'USDT', '1', '181904121959539320618', '资金划转', '2019-04-12 19:59:54', '2019-04-12 19:59:54');
INSERT INTO `account_entry` VALUES ('48', '3', '3', '1', '2.0000000000', 'USDT', '1', '181904122114132464334', '资金划转', '2019-04-12 21:14:13', '2019-04-12 21:14:13');
INSERT INTO `account_entry` VALUES ('49', '3', '3', '1', '2.0000000000', 'USDT', '1', '181904122129421241826', '资金划转', '2019-04-12 21:29:42', '2019-04-12 21:29:42');
INSERT INTO `account_entry` VALUES ('50', '2', '2', '2', '100.0000000000', 'USDT', '2', '20190412215706989019', '发布广告卖单', '2019-04-12 21:57:07', '2019-04-12 21:57:07');
INSERT INTO `account_entry` VALUES ('51', '2', '1', '2', '-100.0000000000', 'USDT', '1', '20190412215706989019', '发布广告卖单', '2019-04-12 21:57:07', '2019-04-12 21:57:07');
INSERT INTO `account_entry` VALUES ('52', '165', '9', '1', '224.0000000000', 'USDT', '1', '181904130924353963990', '资金划转', '2019-04-13 09:24:35', '2019-04-13 09:24:35');
INSERT INTO `account_entry` VALUES ('53', '165', '9', '1', '-0.1000000000', 'USDT', '1', '181904130925023353387', '资金划转', '2019-04-13 09:25:02', '2019-04-13 09:25:02');
INSERT INTO `account_entry` VALUES ('54', '165', '9', '1', '-223.9000000000', 'USDT', '1', '181904130931462804562', '资金划转', '2019-04-13 09:31:46', '2019-04-13 09:31:46');
INSERT INTO `account_entry` VALUES ('55', '165', '9', '1', '224.0000000000', 'USDT', '1', '181904130942197710915', '资金划转', '2019-04-13 09:42:20', '2019-04-13 09:42:20');
INSERT INTO `account_entry` VALUES ('56', '240', '10', '1', '184.0000000000', 'USDT', '1', '181904131220395919294', '资金划转', '2019-04-13 12:20:40', '2019-04-13 12:20:40');
INSERT INTO `account_entry` VALUES ('57', '277', '11', '1', '510.0000000000', 'USDT', '1', '181904131511018972172', '资金划转', '2019-04-13 15:11:02', '2019-04-13 15:11:02');
INSERT INTO `account_entry` VALUES ('58', '277', '11', '4', '-510.0000000000', 'USDT', '1', '0001904131512151357230', '用户下卖单', '2019-04-13 15:12:15', '2019-04-13 15:12:15');
INSERT INTO `account_entry` VALUES ('59', '277', '12', '4', '510.0000000000', 'USDT', '2', '0001904131512151357230', '用户下卖单', '2019-04-13 15:12:15', '2019-04-13 15:12:15');
INSERT INTO `account_entry` VALUES ('60', '277', '11', '5', '510.0000000000', 'USDT', '1', '0001904131512151357230', '用户撤销卖单', '2019-04-13 15:27:17', '2019-04-13 15:27:17');
INSERT INTO `account_entry` VALUES ('61', '277', '12', '5', '-510.0000000000', 'USDT', '2', '0001904131512151357230', '用户撤销卖单', '2019-04-13 15:27:17', '2019-04-13 15:27:17');
INSERT INTO `account_entry` VALUES ('62', '277', '11', '1', '-510.0000000000', 'USDT', '1', '181904131531203026370', '资金划转', '2019-04-13 15:31:20', '2019-04-13 15:31:20');
INSERT INTO `account_entry` VALUES ('63', '240', '10', '1', '-184.0000000000', 'USDT', '1', '181904131548275350717', '资金划转', '2019-04-13 15:48:28', '2019-04-13 15:48:28');
INSERT INTO `account_entry` VALUES ('64', '57', '13', '1', '0.0100000000', 'USDT', '1', '181904131632439937223', '资金划转', '2019-04-13 16:32:44', '2019-04-13 16:32:44');
INSERT INTO `account_entry` VALUES ('65', '57', '13', '1', '-0.0100000000', 'USDT', '1', '181904131633068890731', '资金划转', '2019-04-13 16:33:07', '2019-04-13 16:33:07');
INSERT INTO `account_entry` VALUES ('66', '79', '14', '1', '0.0000001000', 'USDT', '1', '181904131714215321615', '资金划转', '2019-04-13 17:14:22', '2019-04-13 17:14:22');
INSERT INTO `account_entry` VALUES ('67', '27', '15', '1', '100000.0000000000', 'USDT', '1', '181904131936564953900', '资金划转', '2019-04-13 19:36:57', '2019-04-13 19:36:57');
INSERT INTO `account_entry` VALUES ('68', '57', '13', '1', '0.0100000000', 'USDT', '1', '181904141743130328250', '资金划转', '2019-04-14 17:43:13', '2019-04-14 17:43:13');
INSERT INTO `account_entry` VALUES ('69', '57', '13', '1', '-0.0100000000', 'USDT', '1', '181904141744066339246', '资金划转', '2019-04-14 17:44:07', '2019-04-14 17:44:07');
INSERT INTO `account_entry` VALUES ('70', '454', '16', '1', '90.0000000000', 'USDT', '1', '181904150310195534334', '资金划转', '2019-04-15 03:10:20', '2019-04-15 03:10:20');
INSERT INTO `account_entry` VALUES ('71', '454', '16', '1', '-90.0000000000', 'USDT', '1', '181904150313404047139', '资金划转', '2019-04-15 03:13:40', '2019-04-15 03:13:40');
INSERT INTO `account_entry` VALUES ('72', '454', '16', '1', '96.0000000000', 'USDT', '1', '181904150316506335418', '资金划转', '2019-04-15 03:16:51', '2019-04-15 03:16:51');
INSERT INTO `account_entry` VALUES ('73', '454', '16', '1', '-96.0000000000', 'USDT', '1', '181904150325030222632', '资金划转', '2019-04-15 03:25:03', '2019-04-15 03:25:03');
INSERT INTO `account_entry` VALUES ('74', '22', '17', '1', '100000.0000000000', 'USDT', '1', '181904150854268028243', '资金划转', '2019-04-15 08:54:27', '2019-04-15 08:54:27');
INSERT INTO `account_entry` VALUES ('75', '22', '18', '2', '2000.0000000000', 'USDT', '2', '20190415090044730834', '发布广告卖单', '2019-04-15 09:00:45', '2019-04-15 09:00:45');
INSERT INTO `account_entry` VALUES ('76', '22', '17', '2', '-2000.0000000000', 'USDT', '1', '20190415090044730834', '发布广告卖单', '2019-04-15 09:00:45', '2019-04-15 09:00:45');
INSERT INTO `account_entry` VALUES ('77', '331', '19', '1', '5000.0000000000', 'USDT', '1', '181904150905476006263', '资金划转', '2019-04-15 09:05:48', '2019-04-15 09:05:48');
INSERT INTO `account_entry` VALUES ('78', '331', '19', '4', '-3000.0000000000', 'USDT', '1', '0001904150918236776617', '用户下卖单', '2019-04-15 09:18:24', '2019-04-15 09:18:24');
INSERT INTO `account_entry` VALUES ('79', '331', '20', '4', '3000.0000000000', 'USDT', '2', '0001904150918236776617', '用户下卖单', '2019-04-15 09:18:24', '2019-04-15 09:18:24');
INSERT INTO `account_entry` VALUES ('80', '27', '21', '2', '3000.0000000000', 'USDT', '2', '20190415093247370205', '发布广告卖单', '2019-04-15 09:32:47', '2019-04-15 09:32:47');
INSERT INTO `account_entry` VALUES ('81', '27', '15', '2', '-3000.0000000000', 'USDT', '1', '20190415093247370205', '发布广告卖单', '2019-04-15 09:32:47', '2019-04-15 09:32:47');
INSERT INTO `account_entry` VALUES ('82', '331', '19', '4', '-2000.0000000000', 'USDT', '1', '0001904150936040013024', '用户下卖单', '2019-04-15 09:36:04', '2019-04-15 09:36:04');
INSERT INTO `account_entry` VALUES ('83', '331', '20', '4', '2000.0000000000', 'USDT', '2', '0001904150936040013024', '用户下卖单', '2019-04-15 09:36:04', '2019-04-15 09:36:04');
INSERT INTO `account_entry` VALUES ('84', '57', '13', '1', '1000.0000000000', 'USDT', '1', '181904150938457994556', '资金划转', '2019-04-15 09:38:46', '2019-04-15 09:38:46');
INSERT INTO `account_entry` VALUES ('85', '57', '13', '1', '100.0000000000', 'USDT', '1', '181904150940547754388', '资金划转', '2019-04-15 09:40:55', '2019-04-15 09:40:55');
INSERT INTO `account_entry` VALUES ('86', '146', '22', '1', '0.0000100000', 'USDT', '1', '181904150941082731140', '资金划转', '2019-04-15 09:41:08', '2019-04-15 09:41:08');
INSERT INTO `account_entry` VALUES ('87', '57', '13', '4', '-1000.0000000000', 'USDT', '1', '0001904150941255375797', '用户下卖单', '2019-04-15 09:41:26', '2019-04-15 09:41:26');
INSERT INTO `account_entry` VALUES ('88', '57', '23', '4', '1000.0000000000', 'USDT', '2', '0001904150941255375797', '用户下卖单', '2019-04-15 09:41:26', '2019-04-15 09:41:26');
INSERT INTO `account_entry` VALUES ('89', '146', '22', '1', '-0.0000100000', 'USDT', '1', '181904150941566371995', '资金划转', '2019-04-15 09:41:57', '2019-04-15 09:41:57');
INSERT INTO `account_entry` VALUES ('90', '331', '20', '6', '-3000.0000000000', 'USDT', '2', '0001904150918236776617', '放币', '2019-04-15 09:43:46', '2019-04-15 09:43:46');
INSERT INTO `account_entry` VALUES ('91', '28', '24', '6', '3000.0000000000', 'USDT', '1', '0001904150918236776617', '放币', '2019-04-15 09:43:46', '2019-04-15 09:43:46');
INSERT INTO `account_entry` VALUES ('92', '57', '23', '6', '-1000.0000000000', 'USDT', '2', '0001904150941255375797', '放币', '2019-04-15 09:49:40', '2019-04-15 09:49:40');
INSERT INTO `account_entry` VALUES ('93', '23', '25', '6', '1000.0000000000', 'USDT', '1', '0001904150941255375797', '放币', '2019-04-15 09:49:40', '2019-04-15 09:49:40');
INSERT INTO `account_entry` VALUES ('94', '331', '19', '5', '2000.0000000000', 'USDT', '1', '0001904150936040013024', '用户撤销卖单', '2019-04-15 09:51:07', '2019-04-15 09:51:07');
INSERT INTO `account_entry` VALUES ('95', '331', '20', '5', '-2000.0000000000', 'USDT', '2', '0001904150936040013024', '用户撤销卖单', '2019-04-15 09:51:07', '2019-04-15 09:51:07');
INSERT INTO `account_entry` VALUES ('96', '496', '26', '1', '2260.2600000000', 'USDT', '1', '181904150953313845135', '资金划转', '2019-04-15 09:53:31', '2019-04-15 09:53:31');
INSERT INTO `account_entry` VALUES ('97', '496', '26', '4', '-2260.2600000000', 'USDT', '1', '0001904150957110804878', '用户下卖单', '2019-04-15 09:57:11', '2019-04-15 09:57:11');
INSERT INTO `account_entry` VALUES ('98', '496', '27', '4', '2260.2600000000', 'USDT', '2', '0001904150957110804878', '用户下卖单', '2019-04-15 09:57:11', '2019-04-15 09:57:11');
INSERT INTO `account_entry` VALUES ('99', '496', '27', '6', '-2260.2600000000', 'USDT', '2', '0001904150957110804878', '放币', '2019-04-15 10:06:58', '2019-04-15 10:06:58');
INSERT INTO `account_entry` VALUES ('100', '28', '24', '6', '2260.2600000000', 'USDT', '1', '0001904150957110804878', '放币', '2019-04-15 10:06:58', '2019-04-15 10:06:58');
INSERT INTO `account_entry` VALUES ('101', '57', '13', '1', '1435.9800000000', 'USDT', '1', '181904151012323602881', '资金划转', '2019-04-15 10:12:32', '2019-04-15 10:12:32');
INSERT INTO `account_entry` VALUES ('102', '57', '13', '4', '-1535.9800000000', 'USDT', '1', '0001904151013260930647', '用户下卖单', '2019-04-15 10:13:26', '2019-04-15 10:13:26');
INSERT INTO `account_entry` VALUES ('103', '57', '23', '4', '1535.9800000000', 'USDT', '2', '0001904151013260930647', '用户下卖单', '2019-04-15 10:13:26', '2019-04-15 10:13:26');
INSERT INTO `account_entry` VALUES ('104', '57', '23', '6', '-1535.9800000000', 'USDT', '2', '0001904151013260930647', '放币', '2019-04-15 10:19:45', '2019-04-15 10:19:45');
INSERT INTO `account_entry` VALUES ('105', '23', '25', '6', '1535.9800000000', 'USDT', '1', '0001904151013260930647', '放币', '2019-04-15 10:19:45', '2019-04-15 10:19:45');
INSERT INTO `account_entry` VALUES ('106', '331', '19', '4', '-2000.0000000000', 'USDT', '1', '0001904151032455381246', '用户下卖单', '2019-04-15 10:32:46', '2019-04-15 10:32:46');
INSERT INTO `account_entry` VALUES ('107', '331', '20', '4', '2000.0000000000', 'USDT', '2', '0001904151032455381246', '用户下卖单', '2019-04-15 10:32:46', '2019-04-15 10:32:46');
INSERT INTO `account_entry` VALUES ('108', '331', '19', '5', '2000.0000000000', 'USDT', '1', '0001904151032455381246', '用户撤销卖单', '2019-04-15 10:47:49', '2019-04-15 10:47:49');
INSERT INTO `account_entry` VALUES ('109', '331', '20', '5', '-2000.0000000000', 'USDT', '2', '0001904151032455381246', '用户撤销卖单', '2019-04-15 10:47:49', '2019-04-15 10:47:49');
INSERT INTO `account_entry` VALUES ('110', '82', '28', '1', '37.0000000000', 'USDT', '1', '181904151058579214964', '资金划转', '2019-04-15 10:58:58', '2019-04-15 10:58:58');
INSERT INTO `account_entry` VALUES ('111', '82', '28', '1', '-37.0000000000', 'USDT', '1', '181904151059542149171', '资金划转', '2019-04-15 10:59:54', '2019-04-15 10:59:54');
INSERT INTO `account_entry` VALUES ('112', '331', '19', '4', '-2000.0000000000', 'USDT', '1', '0001904151106488495232', '用户下卖单', '2019-04-15 11:06:49', '2019-04-15 11:06:49');
INSERT INTO `account_entry` VALUES ('113', '331', '20', '4', '2000.0000000000', 'USDT', '2', '0001904151106488495232', '用户下卖单', '2019-04-15 11:06:49', '2019-04-15 11:06:49');
INSERT INTO `account_entry` VALUES ('114', '454', '16', '1', '70.0000000000', 'USDT', '1', '181904151118563381013', '资金划转', '2019-04-15 11:18:56', '2019-04-15 11:18:56');
INSERT INTO `account_entry` VALUES ('115', '331', '19', '5', '2000.0000000000', 'USDT', '1', '0001904151106488495232', '用户撤销卖单', '2019-04-15 11:21:51', '2019-04-15 11:21:51');
INSERT INTO `account_entry` VALUES ('116', '331', '20', '5', '-2000.0000000000', 'USDT', '2', '0001904151106488495232', '用户撤销卖单', '2019-04-15 11:21:51', '2019-04-15 11:21:51');
INSERT INTO `account_entry` VALUES ('117', '331', '19', '1', '-2000.0000000000', 'USDT', '1', '181904151122223617163', '资金划转', '2019-04-15 11:22:22', '2019-04-15 11:22:22');
INSERT INTO `account_entry` VALUES ('118', '102', '29', '1', '3000.0000000000', 'USDT', '1', '181904151128499822998', '资金划转', '2019-04-15 11:28:50', '2019-04-15 11:28:50');
INSERT INTO `account_entry` VALUES ('119', '102', '29', '1', '-1000.0000000000', 'USDT', '1', '181904151129113919513', '资金划转', '2019-04-15 11:29:11', '2019-04-15 11:29:11');
INSERT INTO `account_entry` VALUES ('120', '102', '29', '1', '1000.0000000000', 'USDT', '1', '181904151129387664179', '资金划转', '2019-04-15 11:29:39', '2019-04-15 11:29:39');
INSERT INTO `account_entry` VALUES ('121', '102', '29', '1', '-3000.0000000000', 'USDT', '1', '181904151132395078900', '资金划转', '2019-04-15 11:32:40', '2019-04-15 11:32:40');
INSERT INTO `account_entry` VALUES ('122', '454', '16', '1', '-70.0000000000', 'USDT', '1', '181904151140458017714', '资金划转', '2019-04-15 11:40:46', '2019-04-15 11:40:46');
INSERT INTO `account_entry` VALUES ('123', '454', '16', '1', '70.0000000000', 'USDT', '1', '181904151143427372694', '资金划转', '2019-04-15 11:43:43', '2019-04-15 11:43:43');
INSERT INTO `account_entry` VALUES ('124', '454', '16', '1', '-70.0000000000', 'USDT', '1', '181904151143564076729', '资金划转', '2019-04-15 11:43:56', '2019-04-15 11:43:56');
INSERT INTO `account_entry` VALUES ('125', '331', '19', '1', '3000.0000000000', 'USDT', '1', '181904151328541795876', '资金划转', '2019-04-15 13:28:54', '2019-04-15 13:28:54');
INSERT INTO `account_entry` VALUES ('126', '331', '19', '4', '-3000.0000000000', 'USDT', '1', '0001904151329431117102', '用户下卖单', '2019-04-15 13:29:43', '2019-04-15 13:29:43');
INSERT INTO `account_entry` VALUES ('127', '331', '20', '4', '3000.0000000000', 'USDT', '2', '0001904151329431117102', '用户下卖单', '2019-04-15 13:29:43', '2019-04-15 13:29:43');
INSERT INTO `account_entry` VALUES ('128', '102', '29', '1', '1453.0000000000', 'USDT', '1', '181904151335229318778', '资金划转', '2019-04-15 13:35:23', '2019-04-15 13:35:23');
INSERT INTO `account_entry` VALUES ('129', '102', '29', '4', '-1453.0000000000', 'USDT', '1', '0001904151335538594943', '用户下卖单', '2019-04-15 13:35:54', '2019-04-15 13:35:54');
INSERT INTO `account_entry` VALUES ('130', '102', '30', '4', '1453.0000000000', 'USDT', '2', '0001904151335538594943', '用户下卖单', '2019-04-15 13:35:54', '2019-04-15 13:35:54');
INSERT INTO `account_entry` VALUES ('131', '331', '19', '5', '3000.0000000000', 'USDT', '1', '0001904151329431117102', '用户撤销卖单', '2019-04-15 13:44:44', '2019-04-15 13:44:44');
INSERT INTO `account_entry` VALUES ('132', '331', '20', '5', '-3000.0000000000', 'USDT', '2', '0001904151329431117102', '用户撤销卖单', '2019-04-15 13:44:44', '2019-04-15 13:44:44');
INSERT INTO `account_entry` VALUES ('133', '331', '19', '1', '-3000.0000000000', 'USDT', '1', '181904151347343992924', '资金划转', '2019-04-15 13:47:34', '2019-04-15 13:47:34');
INSERT INTO `account_entry` VALUES ('134', '57', '13', '1', '2500.0000000000', 'USDT', '1', '181904151347465972471', '资金划转', '2019-04-15 13:47:47', '2019-04-15 13:47:47');
INSERT INTO `account_entry` VALUES ('135', '57', '13', '4', '-1000.0000000000', 'USDT', '1', '0001904151351356917405', '用户下卖单', '2019-04-15 13:51:36', '2019-04-15 13:51:36');
INSERT INTO `account_entry` VALUES ('136', '57', '23', '4', '1000.0000000000', 'USDT', '2', '0001904151351356917405', '用户下卖单', '2019-04-15 13:51:36', '2019-04-15 13:51:36');
INSERT INTO `account_entry` VALUES ('137', '102', '30', '6', '-1453.0000000000', 'USDT', '2', '0001904151335538594943', '放币', '2019-04-15 13:56:25', '2019-04-15 13:56:25');
INSERT INTO `account_entry` VALUES ('138', '24', '31', '6', '1453.0000000000', 'USDT', '1', '0001904151335538594943', '放币', '2019-04-15 13:56:26', '2019-04-15 13:56:26');
INSERT INTO `account_entry` VALUES ('139', '57', '13', '5', '1000.0000000000', 'USDT', '1', '0001904151351356917405', '用户撤销卖单', '2019-04-15 14:06:38', '2019-04-15 14:06:38');
INSERT INTO `account_entry` VALUES ('140', '57', '23', '5', '-1000.0000000000', 'USDT', '2', '0001904151351356917405', '用户撤销卖单', '2019-04-15 14:06:38', '2019-04-15 14:06:38');
INSERT INTO `account_entry` VALUES ('141', '57', '13', '4', '-1000.0000000000', 'USDT', '1', '0001904151408319860601', '用户下卖单', '2019-04-15 14:08:32', '2019-04-15 14:08:32');
INSERT INTO `account_entry` VALUES ('142', '57', '23', '4', '1000.0000000000', 'USDT', '2', '0001904151408319860601', '用户下卖单', '2019-04-15 14:08:32', '2019-04-15 14:08:32');
INSERT INTO `account_entry` VALUES ('143', '57', '13', '4', '-1000.0000000000', 'USDT', '1', '0001904151420447974084', '用户下卖单', '2019-04-15 14:20:45', '2019-04-15 14:20:45');
INSERT INTO `account_entry` VALUES ('144', '57', '23', '4', '1000.0000000000', 'USDT', '2', '0001904151420447974084', '用户下卖单', '2019-04-15 14:20:45', '2019-04-15 14:20:45');
INSERT INTO `account_entry` VALUES ('145', '57', '23', '6', '-1000.0000000000', 'USDT', '2', '0001904151408319860601', '放币', '2019-04-15 14:25:16', '2019-04-15 14:25:16');
INSERT INTO `account_entry` VALUES ('146', '25', '32', '6', '1000.0000000000', 'USDT', '1', '0001904151408319860601', '放币', '2019-04-15 14:25:16', '2019-04-15 14:25:16');
INSERT INTO `account_entry` VALUES ('147', '57', '13', '5', '1000.0000000000', 'USDT', '1', '0001904151420447974084', '用户撤销卖单', '2019-04-15 14:35:46', '2019-04-15 14:35:46');
INSERT INTO `account_entry` VALUES ('148', '57', '23', '5', '-1000.0000000000', 'USDT', '2', '0001904151420447974084', '用户撤销卖单', '2019-04-15 14:35:46', '2019-04-15 14:35:46');
INSERT INTO `account_entry` VALUES ('149', '262', '33', '1', '10.0000000000', 'USDT', '1', '181904151502062213844', '资金划转', '2019-04-15 15:02:06', '2019-04-15 15:02:06');
INSERT INTO `account_entry` VALUES ('150', '262', '33', '1', '-10.0000000000', 'USDT', '1', '181904151503046117234', '资金划转', '2019-04-15 15:03:05', '2019-04-15 15:03:05');
INSERT INTO `account_entry` VALUES ('151', '262', '33', '1', '10.0000000000', 'USDT', '1', '181904151503217626618', '资金划转', '2019-04-15 15:03:22', '2019-04-15 15:03:22');
INSERT INTO `account_entry` VALUES ('152', '57', '13', '4', '-1500.0000000000', 'USDT', '1', '0001904151529016633116', '用户下卖单', '2019-04-15 15:29:02', '2019-04-15 15:29:02');
INSERT INTO `account_entry` VALUES ('153', '57', '23', '4', '1500.0000000000', 'USDT', '2', '0001904151529016633116', '用户下卖单', '2019-04-15 15:29:02', '2019-04-15 15:29:02');
INSERT INTO `account_entry` VALUES ('154', '57', '13', '5', '1500.0000000000', 'USDT', '1', '0001904151529016633116', '用户撤销卖单', '2019-04-15 15:44:03', '2019-04-15 15:44:03');
INSERT INTO `account_entry` VALUES ('155', '57', '23', '5', '-1500.0000000000', 'USDT', '2', '0001904151529016633116', '用户撤销卖单', '2019-04-15 15:44:03', '2019-04-15 15:44:03');
INSERT INTO `account_entry` VALUES ('156', '146', '22', '1', '500.0000000000', 'USDT', '1', '181904151707580639297', '资金划转', '2019-04-15 17:07:58', '2019-04-15 17:07:58');
INSERT INTO `account_entry` VALUES ('157', '146', '22', '1', '-500.0000000000', 'USDT', '1', '181904151711443675010', '资金划转', '2019-04-15 17:11:44', '2019-04-15 17:11:44');
INSERT INTO `account_entry` VALUES ('158', '22', '18', '6', '-477.0000000000', 'USDT', '2', '0001904151715534137703', '放币', '2019-04-15 17:27:02', '2019-04-15 17:27:02');
INSERT INTO `account_entry` VALUES ('159', '366', '34', '6', '477.0000000000', 'USDT', '1', '0001904151715534137703', '放币', '2019-04-15 17:27:02', '2019-04-15 17:27:02');
INSERT INTO `account_entry` VALUES ('160', '57', '13', '4', '-1500.0000000000', 'USDT', '1', '0001904151811044910009', '用户下卖单', '2019-04-15 18:11:04', '2019-04-15 18:11:04');
INSERT INTO `account_entry` VALUES ('161', '57', '23', '4', '1500.0000000000', 'USDT', '2', '0001904151811044910009', '用户下卖单', '2019-04-15 18:11:05', '2019-04-15 18:11:05');
INSERT INTO `account_entry` VALUES ('162', '49', '35', '1', '1338.3662000000', 'USDT', '1', '181904151823078678112', '资金划转', '2019-04-15 18:23:08', '2019-04-15 18:23:08');
INSERT INTO `account_entry` VALUES ('163', '57', '13', '5', '1500.0000000000', 'USDT', '1', '0001904151811044910009', '用户撤销卖单', '2019-04-15 18:26:05', '2019-04-15 18:26:05');
INSERT INTO `account_entry` VALUES ('164', '57', '23', '5', '-1500.0000000000', 'USDT', '2', '0001904151811044910009', '用户撤销卖单', '2019-04-15 18:26:05', '2019-04-15 18:26:05');
INSERT INTO `account_entry` VALUES ('165', '49', '35', '1', '-1338.3662000000', 'USDT', '1', '181904151829211136592', '资金划转', '2019-04-15 18:29:21', '2019-04-15 18:29:21');
INSERT INTO `account_entry` VALUES ('166', '366', '34', '1', '-1.0000000000', 'USDT', '1', '181904151833585569535', '资金划转', '2019-04-15 18:33:59', '2019-04-15 18:33:59');
INSERT INTO `account_entry` VALUES ('167', '366', '34', '1', '-476.0000000000', 'USDT', '1', '181904151835013533998', '资金划转', '2019-04-15 18:35:01', '2019-04-15 18:35:01');
INSERT INTO `account_entry` VALUES ('168', '57', '13', '1', '-1500.0000000000', 'USDT', '1', '181904151842529768461', '资金划转', '2019-04-15 18:42:53', '2019-04-15 18:42:53');
INSERT INTO `account_entry` VALUES ('169', '146', '22', '1', '1000.0000000000', 'USDT', '1', '181904160952508148458', '资金划转', '2019-04-16 09:52:51', '2019-04-16 09:52:51');
INSERT INTO `account_entry` VALUES ('170', '146', '22', '1', '-1000.0000000000', 'USDT', '1', '181904160954192609643', '资金划转', '2019-04-16 09:54:19', '2019-04-16 09:54:19');
INSERT INTO `account_entry` VALUES ('171', '76', '36', '1', '3219.6800000000', 'USDT', '1', '181904161018106958264', '资金划转', '2019-04-16 10:18:11', '2019-04-16 10:18:11');
INSERT INTO `account_entry` VALUES ('172', '76', '36', '4', '-3219.6800000000', 'USDT', '1', '0001904161019022137151', '用户下卖单', '2019-04-16 10:19:02', '2019-04-16 10:19:02');
INSERT INTO `account_entry` VALUES ('173', '76', '37', '4', '3219.6800000000', 'USDT', '2', '0001904161019022137151', '用户下卖单', '2019-04-16 10:19:02', '2019-04-16 10:19:02');
INSERT INTO `account_entry` VALUES ('174', '579', '38', '1', '6593.4900000000', 'USDT', '1', '181904161019246775128', '资金划转', '2019-04-16 10:19:25', '2019-04-16 10:19:25');
INSERT INTO `account_entry` VALUES ('175', '579', '38', '4', '-4000.0000000000', 'USDT', '1', '0001904161019572851076', '用户下卖单', '2019-04-16 10:19:57', '2019-04-16 10:19:57');
INSERT INTO `account_entry` VALUES ('176', '579', '39', '4', '4000.0000000000', 'USDT', '2', '0001904161019572851076', '用户下卖单', '2019-04-16 10:19:57', '2019-04-16 10:19:57');
INSERT INTO `account_entry` VALUES ('177', '76', '37', '6', '-3219.6800000000', 'USDT', '2', '0001904161019022137151', '放币', '2019-04-16 10:29:53', '2019-04-16 10:29:53');
INSERT INTO `account_entry` VALUES ('178', '25', '32', '6', '3219.6800000000', 'USDT', '1', '0001904161019022137151', '放币', '2019-04-16 10:29:53', '2019-04-16 10:29:53');
INSERT INTO `account_entry` VALUES ('179', '579', '38', '5', '4000.0000000000', 'USDT', '1', '0001904161019572851076', '用户撤销卖单', '2019-04-16 10:34:58', '2019-04-16 10:34:58');
INSERT INTO `account_entry` VALUES ('180', '579', '39', '5', '-4000.0000000000', 'USDT', '2', '0001904161019572851076', '用户撤销卖单', '2019-04-16 10:34:58', '2019-04-16 10:34:58');
INSERT INTO `account_entry` VALUES ('181', '27', '21', '6', '-3000.0000000000', 'USDT', '2', '0001904161402565998413', '放币', '2019-04-16 14:13:40', '2019-04-16 14:13:40');
INSERT INTO `account_entry` VALUES ('182', '225', '40', '6', '3000.0000000000', 'USDT', '1', '0001904161402565998413', '放币', '2019-04-16 14:13:40', '2019-04-16 14:13:40');
INSERT INTO `account_entry` VALUES ('183', '27', '21', '2', '3000.0000000000', 'USDT', '2', '20190416141438981878', '发布广告卖单', '2019-04-16 14:14:39', '2019-04-16 14:14:39');
INSERT INTO `account_entry` VALUES ('184', '27', '15', '2', '-3000.0000000000', 'USDT', '1', '20190416141438981878', '发布广告卖单', '2019-04-16 14:14:39', '2019-04-16 14:14:39');
INSERT INTO `account_entry` VALUES ('185', '225', '40', '1', '-3000.0000000000', 'USDT', '1', '181904161432390371012', '资金划转', '2019-04-16 14:32:39', '2019-04-16 14:32:39');
INSERT INTO `account_entry` VALUES ('186', '165', '9', '1', '-224.0000000000', 'USDT', '1', '181904161438208903537', '资金划转', '2019-04-16 14:38:21', '2019-04-16 14:38:21');
INSERT INTO `account_entry` VALUES ('187', '165', '9', '1', '224.0000000000', 'USDT', '1', '181904161440110113711', '资金划转', '2019-04-16 14:40:11', '2019-04-16 14:40:11');
INSERT INTO `account_entry` VALUES ('188', '165', '9', '1', '-224.0000000000', 'USDT', '1', '181904161447210220159', '资金划转', '2019-04-16 14:47:21', '2019-04-16 14:47:21');
INSERT INTO `account_entry` VALUES ('189', '2', '2', '6', '-2.9412000000', 'USDT', '2', '0001904121012203615115', '放币', '2019-04-16 14:54:14', '2019-04-16 14:54:14');
INSERT INTO `account_entry` VALUES ('190', '3', '3', '6', '2.9412000000', 'USDT', '1', '0001904121012203615115', '放币', '2019-04-16 14:54:14', '2019-04-16 14:54:14');
INSERT INTO `account_entry` VALUES ('191', '2', '2', '6', '-3.0000000000', 'USDT', '2', '0001903050058239425654', '放币', '2019-04-16 14:54:37', '2019-04-16 14:54:37');
INSERT INTO `account_entry` VALUES ('192', '14', '41', '6', '3.0000000000', 'USDT', '1', '0001903050058239425654', '放币', '2019-04-16 14:54:37', '2019-04-16 14:54:37');
INSERT INTO `account_entry` VALUES ('193', '2', '2', '6', '-2.0000000000', 'USDT', '2', '0001903050010533448082', '放币', '2019-04-16 14:54:49', '2019-04-16 14:54:49');
INSERT INTO `account_entry` VALUES ('194', '8', '42', '6', '2.0000000000', 'USDT', '1', '0001903050010533448082', '放币', '2019-04-16 14:54:49', '2019-04-16 14:54:49');
INSERT INTO `account_entry` VALUES ('195', '2', '2', '6', '-3.0000000000', 'USDT', '2', '0001903080041093195288', '放币', '2019-04-16 14:55:06', '2019-04-16 14:55:06');
INSERT INTO `account_entry` VALUES ('196', '17', '43', '6', '3.0000000000', 'USDT', '1', '0001903080041093195288', '放币', '2019-04-16 14:55:06', '2019-04-16 14:55:06');
INSERT INTO `account_entry` VALUES ('197', '2', '2', '3', '-5.0588000000', 'USDT', '2', '20190301105554186346', '撤销广告卖单', '2019-04-16 14:55:39', '2019-04-16 14:55:39');
INSERT INTO `account_entry` VALUES ('198', '2', '1', '3', '5.0588000000', 'USDT', '1', '20190301105554186346', '撤销广告卖单', '2019-04-16 14:55:39', '2019-04-16 14:55:39');
INSERT INTO `account_entry` VALUES ('199', '2', '2', '3', '-10.0000000000', 'USDT', '2', '20190410171117832503', '撤销广告卖单', '2019-04-16 14:55:46', '2019-04-16 14:55:46');
INSERT INTO `account_entry` VALUES ('200', '2', '1', '3', '10.0000000000', 'USDT', '1', '20190410171117832503', '撤销广告卖单', '2019-04-16 14:55:46', '2019-04-16 14:55:46');
INSERT INTO `account_entry` VALUES ('201', '2', '2', '3', '-100.0000000000', 'USDT', '2', '20190412215706989019', '撤销广告卖单', '2019-04-16 14:56:16', '2019-04-16 14:56:16');
INSERT INTO `account_entry` VALUES ('202', '2', '1', '3', '100.0000000000', 'USDT', '1', '20190412215706989019', '撤销广告卖单', '2019-04-16 14:56:16', '2019-04-16 14:56:16');
INSERT INTO `account_entry` VALUES ('203', '2', '2', '3', '-1.0000000000', 'USDT', '2', '20190301103410330686', '撤销广告卖单', '2019-04-16 14:56:24', '2019-04-16 14:56:24');
INSERT INTO `account_entry` VALUES ('204', '2', '1', '3', '1.0000000000', 'USDT', '1', '20190301103410330686', '撤销广告卖单', '2019-04-16 14:56:24', '2019-04-16 14:56:24');
INSERT INTO `account_entry` VALUES ('205', '2', '2', '3', '-10.0000000000', 'USDT', '2', '20190327203518884362', '撤销广告卖单', '2019-04-16 14:56:32', '2019-04-16 14:56:32');
INSERT INTO `account_entry` VALUES ('206', '2', '1', '3', '10.0000000000', 'USDT', '1', '20190327203518884362', '撤销广告卖单', '2019-04-16 14:56:32', '2019-04-16 14:56:32');
INSERT INTO `account_entry` VALUES ('207', '2', '2', '3', '-1.0000000000', 'USDT', '2', '20190327203558522325', '撤销广告卖单', '2019-04-16 14:56:55', '2019-04-16 14:56:55');
INSERT INTO `account_entry` VALUES ('208', '2', '1', '3', '1.0000000000', 'USDT', '1', '20190327203558522325', '撤销广告卖单', '2019-04-16 14:56:55', '2019-04-16 14:56:55');
INSERT INTO `account_entry` VALUES ('209', '2', '2', '2', '10.0000000000', 'USDT', '2', '20190416150121553621', '发布广告卖单', '2019-04-16 15:01:22', '2019-04-16 15:01:22');
INSERT INTO `account_entry` VALUES ('210', '2', '1', '2', '-10.0000000000', 'USDT', '1', '20190416150121553621', '发布广告卖单', '2019-04-16 15:01:22', '2019-04-16 15:01:22');
INSERT INTO `account_entry` VALUES ('211', '2', '2', '6', '-1.0000000000', 'USDT', '2', '0001904161502407242768', '放币', '2019-04-16 15:02:58', '2019-04-16 15:02:58');
INSERT INTO `account_entry` VALUES ('212', '3', '3', '6', '1.0000000000', 'USDT', '1', '0001904161502407242768', '放币', '2019-04-16 15:02:58', '2019-04-16 15:02:58');
INSERT INTO `account_entry` VALUES ('213', '2', '2', '3', '-9.0000000000', 'USDT', '2', '20190416150121553621', '撤销广告卖单', '2019-04-16 15:03:29', '2019-04-16 15:03:29');
INSERT INTO `account_entry` VALUES ('214', '2', '1', '3', '9.0000000000', 'USDT', '1', '20190416150121553621', '撤销广告卖单', '2019-04-16 15:03:29', '2019-04-16 15:03:29');
INSERT INTO `account_entry` VALUES ('215', '2', '2', '2', '1.0000000000', 'USDT', '2', '20190416150432039492', '发布广告卖单', '2019-04-16 15:04:32', '2019-04-16 15:04:32');
INSERT INTO `account_entry` VALUES ('216', '2', '1', '2', '-1.0000000000', 'USDT', '1', '20190416150432039492', '发布广告卖单', '2019-04-16 15:04:32', '2019-04-16 15:04:32');
INSERT INTO `account_entry` VALUES ('217', '3', '3', '16', '1.0000000000', 'USDT', '1', '0001904161504443142775', '申诉可用账户增加', '2019-04-16 15:05:12', '2019-04-16 15:05:12');
INSERT INTO `account_entry` VALUES ('218', '2', '2', '15', '-1.0000000000', 'USDT', '2', '0001904161504443142775', '申诉冻结账户减少', '2019-04-16 15:05:12', '2019-04-16 15:05:12');
INSERT INTO `account_entry` VALUES ('219', '579', '38', '4', '-4000.0000000000', 'USDT', '1', '0001904161517032655891', '用户下卖单', '2019-04-16 15:17:03', '2019-04-16 15:17:03');
INSERT INTO `account_entry` VALUES ('220', '579', '39', '4', '4000.0000000000', 'USDT', '2', '0001904161517032655891', '用户下卖单', '2019-04-16 15:17:03', '2019-04-16 15:17:03');
INSERT INTO `account_entry` VALUES ('221', '579', '38', '5', '4000.0000000000', 'USDT', '1', '0001904161517032655891', '用户撤销卖单', '2019-04-16 15:32:05', '2019-04-16 15:32:05');
INSERT INTO `account_entry` VALUES ('222', '579', '39', '5', '-4000.0000000000', 'USDT', '2', '0001904161517032655891', '用户撤销卖单', '2019-04-16 15:32:05', '2019-04-16 15:32:05');
INSERT INTO `account_entry` VALUES ('223', '146', '22', '1', '1000.0000000000', 'USDT', '1', '181904161619551157935', '资金划转', '2019-04-16 16:19:55', '2019-04-16 16:19:55');
INSERT INTO `account_entry` VALUES ('224', '146', '22', '1', '1.0000000000', 'USDT', '1', '181904161622262784890', '资金划转', '2019-04-16 16:22:26', '2019-04-16 16:22:26');
INSERT INTO `account_entry` VALUES ('225', '146', '22', '1', '-1001.0000000000', 'USDT', '1', '181904161623424585722', '资金划转', '2019-04-16 16:23:42', '2019-04-16 16:23:42');
INSERT INTO `account_entry` VALUES ('226', '619', '44', '1', '427.9380000000', 'USDT', '1', '181904161626095697294', '资金划转', '2019-04-16 16:26:10', '2019-04-16 16:26:10');
INSERT INTO `account_entry` VALUES ('227', '619', '44', '1', '-427.9380000000', 'USDT', '1', '181904161627126994979', '资金划转', '2019-04-16 16:27:13', '2019-04-16 16:27:13');
INSERT INTO `account_entry` VALUES ('228', '579', '38', '1', '-6593.4900000000', 'USDT', '1', '181904161924390541530', '资金划转', '2019-04-16 19:24:39', '2019-04-16 19:24:39');
INSERT INTO `account_entry` VALUES ('229', '570', '45', '1', '4000.0000000000', 'USDT', '1', '181904162126015646236', '资金划转', '2019-04-16 21:26:02', '2019-04-16 21:26:02');
INSERT INTO `account_entry` VALUES ('230', '22', '18', '3', '-1523.0000000000', 'USDT', '2', '20190415090044730834', '撤销广告卖单', '2019-04-16 21:27:21', '2019-04-16 21:27:21');
INSERT INTO `account_entry` VALUES ('231', '22', '17', '3', '1523.0000000000', 'USDT', '1', '20190415090044730834', '撤销广告卖单', '2019-04-16 21:27:21', '2019-04-16 21:27:21');
INSERT INTO `account_entry` VALUES ('232', '27', '21', '3', '-3000.0000000000', 'USDT', '2', '20190416141438981878', '撤销广告卖单', '2019-04-16 21:28:05', '2019-04-16 21:28:05');
INSERT INTO `account_entry` VALUES ('233', '27', '15', '3', '3000.0000000000', 'USDT', '1', '20190416141438981878', '撤销广告卖单', '2019-04-16 21:28:05', '2019-04-16 21:28:05');
INSERT INTO `account_entry` VALUES ('234', '27', '21', '2', '3000.0000000000', 'USDT', '2', '20190417090050801185', '发布广告卖单', '2019-04-17 09:00:51', '2019-04-17 09:00:51');
INSERT INTO `account_entry` VALUES ('235', '27', '15', '2', '-3000.0000000000', 'USDT', '1', '20190417090050801185', '发布广告卖单', '2019-04-17 09:00:51', '2019-04-17 09:00:51');
INSERT INTO `account_entry` VALUES ('236', '579', '38', '1', '6593.4900000000', 'USDT', '1', '181904170902118067791', '资金划转', '2019-04-17 09:02:12', '2019-04-17 09:02:12');
INSERT INTO `account_entry` VALUES ('237', '22', '18', '2', '2000.0000000000', 'USDT', '2', '20190417090357203620', '发布广告卖单', '2019-04-17 09:03:57', '2019-04-17 09:03:57');
INSERT INTO `account_entry` VALUES ('238', '22', '17', '2', '-2000.0000000000', 'USDT', '1', '20190417090357203620', '发布广告卖单', '2019-04-17 09:03:57', '2019-04-17 09:03:57');
INSERT INTO `account_entry` VALUES ('239', '579', '38', '4', '-4000.0000000000', 'USDT', '1', '0001904170920247665380', '用户下卖单', '2019-04-17 09:20:25', '2019-04-17 09:20:25');
INSERT INTO `account_entry` VALUES ('240', '579', '39', '4', '4000.0000000000', 'USDT', '2', '0001904170920247665380', '用户下卖单', '2019-04-17 09:20:25', '2019-04-17 09:20:25');
INSERT INTO `account_entry` VALUES ('241', '579', '38', '5', '4000.0000000000', 'USDT', '1', '0001904170920247665380', '用户撤销卖单', '2019-04-17 09:35:26', '2019-04-17 09:35:26');
INSERT INTO `account_entry` VALUES ('242', '579', '39', '5', '-4000.0000000000', 'USDT', '2', '0001904170920247665380', '用户撤销卖单', '2019-04-17 09:35:26', '2019-04-17 09:35:26');
INSERT INTO `account_entry` VALUES ('243', '579', '38', '1', '-6593.4900000000', 'USDT', '1', '181904170958333654386', '资金划转', '2019-04-17 09:58:33', '2019-04-17 09:58:33');
INSERT INTO `account_entry` VALUES ('244', '570', '45', '1', '-4000.0000000000', 'USDT', '1', '181904171105280317598', '资金划转', '2019-04-17 11:05:28', '2019-04-17 11:05:28');
INSERT INTO `account_entry` VALUES ('245', '146', '22', '1', '400.0000000000', 'USDT', '1', '181904171436167659314', '资金划转', '2019-04-17 14:36:17', '2019-04-17 14:36:17');
INSERT INTO `account_entry` VALUES ('246', '146', '22', '4', '-400.0000000000', 'USDT', '1', '0001904171437147711692', '用户下卖单', '2019-04-17 14:37:15', '2019-04-17 14:37:15');
INSERT INTO `account_entry` VALUES ('247', '146', '46', '4', '400.0000000000', 'USDT', '2', '0001904171437147711692', '用户下卖单', '2019-04-17 14:37:15', '2019-04-17 14:37:15');
INSERT INTO `account_entry` VALUES ('248', '77', '47', '1', '1.0000000000', 'USDT', '1', '181904171441515677548', '资金划转', '2019-04-17 14:41:52', '2019-04-17 14:41:52');
INSERT INTO `account_entry` VALUES ('249', '146', '22', '5', '400.0000000000', 'USDT', '1', '0001904171437147711692', '用户撤销卖单', '2019-04-17 14:52:17', '2019-04-17 14:52:17');
INSERT INTO `account_entry` VALUES ('250', '146', '46', '5', '-400.0000000000', 'USDT', '2', '0001904171437147711692', '用户撤销卖单', '2019-04-17 14:52:17', '2019-04-17 14:52:17');
INSERT INTO `account_entry` VALUES ('251', '146', '22', '1', '-400.0000000000', 'USDT', '1', '181904171458350583649', '资金划转', '2019-04-17 14:58:35', '2019-04-17 14:58:35');
INSERT INTO `account_entry` VALUES ('252', '77', '47', '1', '651.0000000000', 'USDT', '1', '181904171507173401192', '资金划转', '2019-04-17 15:07:17', '2019-04-17 15:07:17');
INSERT INTO `account_entry` VALUES ('253', '77', '47', '4', '-437.9562000000', 'USDT', '1', '0001904171511210473037', '用户下卖单', '2019-04-17 15:11:21', '2019-04-17 15:11:21');
INSERT INTO `account_entry` VALUES ('254', '77', '48', '4', '437.9562000000', 'USDT', '2', '0001904171511210473037', '用户下卖单', '2019-04-17 15:11:21', '2019-04-17 15:11:21');
INSERT INTO `account_entry` VALUES ('255', '77', '47', '1', '-214.0438000000', 'USDT', '1', '181904171523163737541', '资金划转', '2019-04-17 15:23:16', '2019-04-17 15:23:16');
INSERT INTO `account_entry` VALUES ('256', '77', '47', '5', '437.9562000000', 'USDT', '1', '0001904171511210473037', '用户撤销卖单', '2019-04-17 15:26:22', '2019-04-17 15:26:22');
INSERT INTO `account_entry` VALUES ('257', '77', '48', '5', '-437.9562000000', 'USDT', '2', '0001904171511210473037', '用户撤销卖单', '2019-04-17 15:26:22', '2019-04-17 15:26:22');
INSERT INTO `account_entry` VALUES ('258', '77', '47', '4', '-437.9562000000', 'USDT', '1', '0001904171547025545383', '用户下卖单', '2019-04-17 15:47:03', '2019-04-17 15:47:03');
INSERT INTO `account_entry` VALUES ('259', '77', '48', '4', '437.9562000000', 'USDT', '2', '0001904171547025545383', '用户下卖单', '2019-04-17 15:47:03', '2019-04-17 15:47:03');
INSERT INTO `account_entry` VALUES ('260', '77', '47', '5', '437.9562000000', 'USDT', '1', '0001904171547025545383', '用户撤销卖单', '2019-04-17 16:02:04', '2019-04-17 16:02:04');
INSERT INTO `account_entry` VALUES ('261', '77', '48', '5', '-437.9562000000', 'USDT', '2', '0001904171547025545383', '用户撤销卖单', '2019-04-17 16:02:04', '2019-04-17 16:02:04');
INSERT INTO `account_entry` VALUES ('262', '77', '47', '4', '-437.9562000000', 'USDT', '1', '0001904171737249858126', '用户下卖单', '2019-04-17 17:37:25', '2019-04-17 17:37:25');
INSERT INTO `account_entry` VALUES ('263', '77', '48', '4', '437.9562000000', 'USDT', '2', '0001904171737249858126', '用户下卖单', '2019-04-17 17:37:25', '2019-04-17 17:37:25');
INSERT INTO `account_entry` VALUES ('264', '77', '47', '5', '437.9562000000', 'USDT', '1', '0001904171737249858126', '用户撤销卖单', '2019-04-17 17:52:28', '2019-04-17 17:52:28');
INSERT INTO `account_entry` VALUES ('265', '77', '48', '5', '-437.9562000000', 'USDT', '2', '0001904171737249858126', '用户撤销卖单', '2019-04-17 17:52:28', '2019-04-17 17:52:28');
INSERT INTO `account_entry` VALUES ('266', '77', '47', '1', '-437.9562000000', 'USDT', '1', '181904171911134566792', '资金划转', '2019-04-17 19:11:13', '2019-04-17 19:11:13');
INSERT INTO `account_entry` VALUES ('267', '22', '18', '3', '-2000.0000000000', 'USDT', '2', '20190417090357203620', '撤销广告卖单', '2019-04-17 21:00:20', '2019-04-17 21:00:20');
INSERT INTO `account_entry` VALUES ('268', '22', '17', '3', '2000.0000000000', 'USDT', '1', '20190417090357203620', '撤销广告卖单', '2019-04-17 21:00:20', '2019-04-17 21:00:20');
INSERT INTO `account_entry` VALUES ('269', '27', '21', '3', '-3000.0000000000', 'USDT', '2', '20190417090050801185', '撤销广告卖单', '2019-04-17 21:00:25', '2019-04-17 21:00:25');
INSERT INTO `account_entry` VALUES ('270', '27', '15', '3', '3000.0000000000', 'USDT', '1', '20190417090050801185', '撤销广告卖单', '2019-04-17 21:00:25', '2019-04-17 21:00:25');
INSERT INTO `account_entry` VALUES ('271', '27', '21', '2', '3000.0000000000', 'USDT', '2', '20190418090044918877', '发布广告卖单', '2019-04-18 09:00:45', '2019-04-18 09:00:45');
INSERT INTO `account_entry` VALUES ('272', '27', '15', '2', '-3000.0000000000', 'USDT', '1', '20190418090044918877', '发布广告卖单', '2019-04-18 09:00:45', '2019-04-18 09:00:45');
INSERT INTO `account_entry` VALUES ('273', '22', '18', '2', '2000.0000000000', 'USDT', '2', '20190418092131143958', '发布广告卖单', '2019-04-18 09:21:31', '2019-04-18 09:21:31');
INSERT INTO `account_entry` VALUES ('274', '22', '17', '2', '-2000.0000000000', 'USDT', '1', '20190418092131143958', '发布广告卖单', '2019-04-18 09:21:31', '2019-04-18 09:21:31');
INSERT INTO `account_entry` VALUES ('275', '165', '9', '1', '224.0000000000', 'USDT', '1', '181904181727554082480', '资金划转', '2019-04-18 17:27:55', '2019-04-18 17:27:55');
INSERT INTO `account_entry` VALUES ('276', '27', '21', '3', '-3000.0000000000', 'USDT', '2', '20190418090044918877', '撤销广告卖单', '2019-04-18 21:25:58', '2019-04-18 21:25:58');
INSERT INTO `account_entry` VALUES ('277', '27', '15', '3', '3000.0000000000', 'USDT', '1', '20190418090044918877', '撤销广告卖单', '2019-04-18 21:25:58', '2019-04-18 21:25:58');
INSERT INTO `account_entry` VALUES ('278', '165', '9', '1', '-224.0000000000', 'USDT', '1', '181904190858264963931', '资金划转', '2019-04-19 08:58:27', '2019-04-19 08:58:27');
INSERT INTO `account_entry` VALUES ('279', '27', '21', '2', '3000.0000000000', 'USDT', '2', '20190419085944287800', '发布广告卖单', '2019-04-19 08:59:44', '2019-04-19 08:59:44');
INSERT INTO `account_entry` VALUES ('280', '27', '15', '2', '-3000.0000000000', 'USDT', '1', '20190419085944287800', '发布广告卖单', '2019-04-19 08:59:44', '2019-04-19 08:59:44');
INSERT INTO `account_entry` VALUES ('281', '687', '49', '1', '520.0000000000', 'USDT', '1', '181904191326365292147', '资金划转', '2019-04-19 13:26:37', '2019-04-19 13:26:37');
INSERT INTO `account_entry` VALUES ('282', '687', '49', '1', '-520.0000000000', 'USDT', '1', '181904191327426229003', '资金划转', '2019-04-19 13:27:43', '2019-04-19 13:27:43');
INSERT INTO `account_entry` VALUES ('283', '581', '50', '1', '7102.2800000000', 'USDT', '1', '181904191502017656430', '资金划转', '2019-04-19 15:02:02', '2019-04-19 15:02:02');
INSERT INTO `account_entry` VALUES ('284', '581', '50', '4', '-4000.0000000000', 'USDT', '1', '0001904191502362777426', '用户下卖单', '2019-04-19 15:02:36', '2019-04-19 15:02:36');
INSERT INTO `account_entry` VALUES ('285', '581', '51', '4', '4000.0000000000', 'USDT', '2', '0001904191502362777426', '用户下卖单', '2019-04-19 15:02:36', '2019-04-19 15:02:36');
INSERT INTO `account_entry` VALUES ('286', '581', '50', '5', '4000.0000000000', 'USDT', '1', '0001904191502362777426', '用户撤销卖单', '2019-04-19 15:17:39', '2019-04-19 15:17:39');
INSERT INTO `account_entry` VALUES ('287', '581', '51', '5', '-4000.0000000000', 'USDT', '2', '0001904191502362777426', '用户撤销卖单', '2019-04-19 15:17:39', '2019-04-19 15:17:39');
INSERT INTO `account_entry` VALUES ('288', '581', '50', '4', '-4000.0000000000', 'USDT', '1', '0001904191519367327463', '用户下卖单', '2019-04-19 15:19:37', '2019-04-19 15:19:37');
INSERT INTO `account_entry` VALUES ('289', '581', '51', '4', '4000.0000000000', 'USDT', '2', '0001904191519367327463', '用户下卖单', '2019-04-19 15:19:37', '2019-04-19 15:19:37');
INSERT INTO `account_entry` VALUES ('290', '27', '21', '6', '-1456.0000000000', 'USDT', '2', '0001904191516036777991', '放币', '2019-04-19 15:20:34', '2019-04-19 15:20:34');
INSERT INTO `account_entry` VALUES ('291', '381', '52', '6', '1456.0000000000', 'USDT', '1', '0001904191516036777991', '放币', '2019-04-19 15:20:34', '2019-04-19 15:20:34');
INSERT INTO `account_entry` VALUES ('292', '381', '52', '1', '-10.0000000000', 'USDT', '1', '181904191521599835200', '资金划转', '2019-04-19 15:22:00', '2019-04-19 15:22:00');
INSERT INTO `account_entry` VALUES ('293', '381', '52', '1', '-1446.0000000000', 'USDT', '1', '181904191523030476572', '资金划转', '2019-04-19 15:23:03', '2019-04-19 15:23:03');
INSERT INTO `account_entry` VALUES ('294', '581', '50', '5', '4000.0000000000', 'USDT', '1', '0001904191519367327463', '用户撤销卖单', '2019-04-19 15:34:38', '2019-04-19 15:34:38');
INSERT INTO `account_entry` VALUES ('295', '581', '51', '5', '-4000.0000000000', 'USDT', '2', '0001904191519367327463', '用户撤销卖单', '2019-04-19 15:34:38', '2019-04-19 15:34:38');
INSERT INTO `account_entry` VALUES ('296', '581', '50', '4', '-4000.0000000000', 'USDT', '1', '0001904191539058933412', '用户下卖单', '2019-04-19 15:39:06', '2019-04-19 15:39:06');
INSERT INTO `account_entry` VALUES ('297', '581', '51', '4', '4000.0000000000', 'USDT', '2', '0001904191539058933412', '用户下卖单', '2019-04-19 15:39:06', '2019-04-19 15:39:06');
INSERT INTO `account_entry` VALUES ('298', '581', '50', '5', '4000.0000000000', 'USDT', '1', '0001904191539058933412', '用户撤销卖单', '2019-04-19 15:54:09', '2019-04-19 15:54:09');
INSERT INTO `account_entry` VALUES ('299', '581', '51', '5', '-4000.0000000000', 'USDT', '2', '0001904191539058933412', '用户撤销卖单', '2019-04-19 15:54:09', '2019-04-19 15:54:09');
INSERT INTO `account_entry` VALUES ('300', '581', '50', '1', '-7102.2800000000', 'USDT', '1', '181904191600338186065', '资金划转', '2019-04-19 16:00:34', '2019-04-19 16:00:34');
INSERT INTO `account_entry` VALUES ('301', '27', '21', '3', '-1544.0000000000', 'USDT', '2', '20190419085944287800', '撤销广告卖单', '2019-04-19 21:05:15', '2019-04-19 21:05:15');
INSERT INTO `account_entry` VALUES ('302', '27', '15', '3', '1544.0000000000', 'USDT', '1', '20190419085944287800', '撤销广告卖单', '2019-04-19 21:05:15', '2019-04-19 21:05:15');
INSERT INTO `account_entry` VALUES ('303', '323', '53', '1', '330.0000000000', 'USDT', '1', '181904192232065443691', '资金划转', '2019-04-19 22:32:07', '2019-04-19 22:32:07');
INSERT INTO `account_entry` VALUES ('304', '323', '53', '1', '-330.0000000000', 'USDT', '1', '181904192235138184380', '资金划转', '2019-04-19 22:35:14', '2019-04-19 22:35:14');
INSERT INTO `account_entry` VALUES ('305', '27', '21', '2', '3000.0000000000', 'USDT', '2', '20190420085922909929', '发布广告卖单', '2019-04-20 08:59:23', '2019-04-20 08:59:23');
INSERT INTO `account_entry` VALUES ('306', '27', '15', '2', '-3000.0000000000', 'USDT', '1', '20190420085922909929', '发布广告卖单', '2019-04-20 08:59:23', '2019-04-20 08:59:23');
INSERT INTO `account_entry` VALUES ('307', '323', '53', '1', '481.8500000000', 'USDT', '1', '181904200923374680624', '资金划转', '2019-04-20 09:23:37', '2019-04-20 09:23:37');
INSERT INTO `account_entry` VALUES ('308', '323', '53', '1', '-481.8500000000', 'USDT', '1', '181904200926328651911', '资金划转', '2019-04-20 09:26:33', '2019-04-20 09:26:33');
INSERT INTO `account_entry` VALUES ('309', '22', '18', '6', '-250.0000000000', 'USDT', '2', '0001904201504282884600', '放币', '2019-04-20 15:10:27', '2019-04-20 15:10:27');
INSERT INTO `account_entry` VALUES ('310', '30', '54', '6', '250.0000000000', 'USDT', '1', '0001904201504282884600', '放币', '2019-04-20 15:10:27', '2019-04-20 15:10:27');
INSERT INTO `account_entry` VALUES ('311', '30', '54', '1', '-250.0000000000', 'USDT', '1', '181904201511246365715', '资金划转', '2019-04-20 15:11:25', '2019-04-20 15:11:25');
INSERT INTO `account_entry` VALUES ('312', '27', '21', '6', '-161.7176000000', 'USDT', '2', '0001904201547364269264', '放币', '2019-04-20 15:54:03', '2019-04-20 15:54:03');
INSERT INTO `account_entry` VALUES ('313', '712', '55', '6', '161.7176000000', 'USDT', '1', '0001904201547364269264', '放币', '2019-04-20 15:54:03', '2019-04-20 15:54:03');
INSERT INTO `account_entry` VALUES ('314', '712', '55', '1', '-161.7176000000', 'USDT', '1', '181904201554459466778', '资金划转', '2019-04-20 15:54:46', '2019-04-20 15:54:46');
INSERT INTO `account_entry` VALUES ('315', '27', '21', '6', '-2500.0000000000', 'USDT', '2', '0001904201554223022565', '放币', '2019-04-20 15:58:00', '2019-04-20 15:58:00');
INSERT INTO `account_entry` VALUES ('316', '36', '56', '6', '2500.0000000000', 'USDT', '1', '0001904201554223022565', '放币', '2019-04-20 15:58:00', '2019-04-20 15:58:00');
INSERT INTO `account_entry` VALUES ('317', '22', '18', '6', '-1293.8865000000', 'USDT', '2', '0001904201559301407317', '放币', '2019-04-20 16:09:23', '2019-04-20 16:09:23');
INSERT INTO `account_entry` VALUES ('318', '712', '55', '6', '1293.8865000000', 'USDT', '1', '0001904201559301407317', '放币', '2019-04-20 16:09:23', '2019-04-20 16:09:23');
INSERT INTO `account_entry` VALUES ('319', '712', '55', '1', '-1293.8865000000', 'USDT', '1', '181904201613431228616', '资金划转', '2019-04-20 16:13:43', '2019-04-20 16:13:43');
INSERT INTO `account_entry` VALUES ('320', '36', '56', '1', '-2500.0000000000', 'USDT', '1', '181904201640389628698', '资金划转', '2019-04-20 16:40:39', '2019-04-20 16:40:39');
INSERT INTO `account_entry` VALUES ('321', '30', '54', '1', '1829.0000000000', 'USDT', '1', '181904201944342058412', '资金划转', '2019-04-20 19:44:34', '2019-04-20 19:44:34');
INSERT INTO `account_entry` VALUES ('322', '30', '54', '1', '-1829.0000000000', 'USDT', '1', '181904201948121164426', '资金划转', '2019-04-20 19:48:12', '2019-04-20 19:48:12');
INSERT INTO `account_entry` VALUES ('323', '27', '21', '3', '-338.2824000000', 'USDT', '2', '20190420085922909929', '撤销广告卖单', '2019-04-20 21:05:53', '2019-04-20 21:05:53');
INSERT INTO `account_entry` VALUES ('324', '27', '15', '3', '338.2824000000', 'USDT', '1', '20190420085922909929', '撤销广告卖单', '2019-04-20 21:05:53', '2019-04-20 21:05:53');
INSERT INTO `account_entry` VALUES ('325', '22', '18', '3', '-456.1135000000', 'USDT', '2', '20190418092131143958', '撤销广告卖单', '2019-04-20 21:09:14', '2019-04-20 21:09:14');
INSERT INTO `account_entry` VALUES ('326', '22', '17', '3', '456.1135000000', 'USDT', '1', '20190418092131143958', '撤销广告卖单', '2019-04-20 21:09:14', '2019-04-20 21:09:14');
INSERT INTO `account_entry` VALUES ('327', '27', '21', '2', '3000.0000000000', 'USDT', '2', '20190421090100377408', '发布广告卖单', '2019-04-21 09:01:00', '2019-04-21 09:01:00');
INSERT INTO `account_entry` VALUES ('328', '27', '15', '2', '-3000.0000000000', 'USDT', '1', '20190421090100377408', '发布广告卖单', '2019-04-21 09:01:00', '2019-04-21 09:01:00');
INSERT INTO `account_entry` VALUES ('329', '22', '18', '2', '2000.0000000000', 'USDT', '2', '20190421090211353087', '发布广告卖单', '2019-04-21 09:02:11', '2019-04-21 09:02:11');
INSERT INTO `account_entry` VALUES ('330', '22', '17', '2', '-2000.0000000000', 'USDT', '1', '20190421090211353087', '发布广告卖单', '2019-04-21 09:02:11', '2019-04-21 09:02:11');
INSERT INTO `account_entry` VALUES ('331', '473', '57', '1', '1.0000000000', 'USDT', '1', '181904211700112233529', '资金划转', '2019-04-21 17:00:11', '2019-04-21 17:00:11');
INSERT INTO `account_entry` VALUES ('332', '473', '57', '1', '1.0000000000', 'USDT', '1', '181904211700507099244', '资金划转', '2019-04-21 17:00:51', '2019-04-21 17:00:51');
INSERT INTO `account_entry` VALUES ('333', '473', '57', '1', '-2.0000000000', 'USDT', '1', '181904211720185523607', '资金划转', '2019-04-21 17:20:19', '2019-04-21 17:20:19');
INSERT INTO `account_entry` VALUES ('334', '473', '57', '1', '20.0000000000', 'USDT', '1', '181904211721219543816', '资金划转', '2019-04-21 17:21:22', '2019-04-21 17:21:22');
INSERT INTO `account_entry` VALUES ('335', '30', '54', '1', '1577.0000000000', 'USDT', '1', '181904211808176063573', '资金划转', '2019-04-21 18:08:18', '2019-04-21 18:08:18');
INSERT INTO `account_entry` VALUES ('336', '30', '54', '1', '-1577.0000000000', 'USDT', '1', '181904211816170546407', '资金划转', '2019-04-21 18:16:17', '2019-04-21 18:16:17');
INSERT INTO `account_entry` VALUES ('337', '30', '54', '1', '2000.0000000000', 'USDT', '1', '181904211827070633280', '资金划转', '2019-04-21 18:27:07', '2019-04-21 18:27:07');
INSERT INTO `account_entry` VALUES ('338', '30', '54', '4', '-2000.0000000000', 'USDT', '1', '0001904211827338150374', '用户下卖单', '2019-04-21 18:27:34', '2019-04-21 18:27:34');
INSERT INTO `account_entry` VALUES ('339', '30', '58', '4', '2000.0000000000', 'USDT', '2', '0001904211827338150374', '用户下卖单', '2019-04-21 18:27:34', '2019-04-21 18:27:34');
INSERT INTO `account_entry` VALUES ('340', '30', '54', '5', '2000.0000000000', 'USDT', '1', '0001904211827338150374', '用户撤销卖单', '2019-04-21 18:42:35', '2019-04-21 18:42:35');
INSERT INTO `account_entry` VALUES ('341', '30', '58', '5', '-2000.0000000000', 'USDT', '2', '0001904211827338150374', '用户撤销卖单', '2019-04-21 18:42:35', '2019-04-21 18:42:35');
INSERT INTO `account_entry` VALUES ('342', '30', '54', '4', '-2000.0000000000', 'USDT', '1', '0001904211847295524768', '用户下卖单', '2019-04-21 18:47:30', '2019-04-21 18:47:30');
INSERT INTO `account_entry` VALUES ('343', '30', '58', '4', '2000.0000000000', 'USDT', '2', '0001904211847295524768', '用户下卖单', '2019-04-21 18:47:30', '2019-04-21 18:47:30');
INSERT INTO `account_entry` VALUES ('344', '324', '59', '1', '2752.7000000000', 'USDT', '1', '181904211852183793250', '资金划转', '2019-04-21 18:52:18', '2019-04-21 18:52:18');
INSERT INTO `account_entry` VALUES ('345', '324', '59', '1', '-2752.7000000000', 'USDT', '1', '181904211859143023915', '资金划转', '2019-04-21 18:59:14', '2019-04-21 18:59:14');
INSERT INTO `account_entry` VALUES ('346', '30', '58', '6', '-2000.0000000000', 'USDT', '2', '0001904211847295524768', '放币', '2019-04-21 18:59:29', '2019-04-21 18:59:29');
INSERT INTO `account_entry` VALUES ('347', '25', '32', '6', '2000.0000000000', 'USDT', '1', '0001904211847295524768', '放币', '2019-04-21 18:59:29', '2019-04-21 18:59:29');
INSERT INTO `account_entry` VALUES ('348', '324', '59', '1', '2752.7000000000', 'USDT', '1', '181904211935576012157', '资金划转', '2019-04-21 19:35:58', '2019-04-21 19:35:58');
INSERT INTO `account_entry` VALUES ('349', '324', '59', '1', '-2752.7000000000', 'USDT', '1', '181904212001294066879', '资金划转', '2019-04-21 20:01:29', '2019-04-21 20:01:29');
INSERT INTO `account_entry` VALUES ('350', '473', '57', '1', '20.0000000000', 'USDT', '1', '181904212003460574890', '资金划转', '2019-04-21 20:03:46', '2019-04-21 20:03:46');
INSERT INTO `account_entry` VALUES ('351', '473', '57', '1', '-40.0000000000', 'USDT', '1', '181904212004026124835', '资金划转', '2019-04-21 20:04:03', '2019-04-21 20:04:03');
INSERT INTO `account_entry` VALUES ('352', '27', '21', '3', '-3000.0000000000', 'USDT', '2', '20190421090100377408', '撤销广告卖单', '2019-04-21 20:59:49', '2019-04-21 20:59:49');
INSERT INTO `account_entry` VALUES ('353', '27', '15', '3', '3000.0000000000', 'USDT', '1', '20190421090100377408', '撤销广告卖单', '2019-04-21 20:59:49', '2019-04-21 20:59:49');
INSERT INTO `account_entry` VALUES ('354', '27', '21', '2', '6.9300000000', 'USDT', '2', '20190422085141358739', '发布广告卖单', '2019-04-22 08:51:41', '2019-04-22 08:51:41');
INSERT INTO `account_entry` VALUES ('355', '27', '15', '2', '-6.9300000000', 'USDT', '1', '20190422085141358739', '发布广告卖单', '2019-04-22 08:51:41', '2019-04-22 08:51:41');
INSERT INTO `account_entry` VALUES ('356', '27', '21', '3', '-6.9300000000', 'USDT', '2', '20190422085141358739', '撤销广告卖单', '2019-04-22 09:52:56', '2019-04-22 09:52:56');
INSERT INTO `account_entry` VALUES ('357', '27', '15', '3', '6.9300000000', 'USDT', '1', '20190422085141358739', '撤销广告卖单', '2019-04-22 09:52:56', '2019-04-22 09:52:56');
INSERT INTO `account_entry` VALUES ('358', '27', '21', '2', '3000.0000000000', 'USDT', '2', '20190422095324603678', '发布广告卖单', '2019-04-22 09:53:25', '2019-04-22 09:53:25');
INSERT INTO `account_entry` VALUES ('359', '27', '15', '2', '-3000.0000000000', 'USDT', '1', '20190422095324603678', '发布广告卖单', '2019-04-22 09:53:25', '2019-04-22 09:53:25');
INSERT INTO `account_entry` VALUES ('360', '27', '21', '3', '-3000.0000000000', 'USDT', '2', '20190422095324603678', '撤销广告卖单', '2019-04-22 21:05:43', '2019-04-22 21:05:43');
INSERT INTO `account_entry` VALUES ('361', '27', '15', '3', '3000.0000000000', 'USDT', '1', '20190422095324603678', '撤销广告卖单', '2019-04-22 21:05:43', '2019-04-22 21:05:43');
INSERT INTO `account_entry` VALUES ('362', '473', '57', '1', '1000.0000000000', 'USDT', '1', '181904230851143936978', '资金划转', '2019-04-23 08:51:14', '2019-04-23 08:51:14');
INSERT INTO `account_entry` VALUES ('363', '473', '57', '1', '-1000.0000000000', 'USDT', '1', '181904230852200666259', '资金划转', '2019-04-23 08:52:20', '2019-04-23 08:52:20');
INSERT INTO `account_entry` VALUES ('364', '22', '18', '6', '-500.0000000000', 'USDT', '2', '0001904231155009315423', '放币', '2019-04-23 12:01:49', '2019-04-23 12:01:49');
INSERT INTO `account_entry` VALUES ('365', '30', '54', '6', '500.0000000000', 'USDT', '1', '0001904231155009315423', '放币', '2019-04-23 12:01:49', '2019-04-23 12:01:49');
INSERT INTO `account_entry` VALUES ('366', '30', '54', '1', '-500.0000000000', 'USDT', '1', '181904231202100868974', '资金划转', '2019-04-23 12:02:10', '2019-04-23 12:02:10');
INSERT INTO `account_entry` VALUES ('367', '539', '60', '1', '4000.0000000000', 'USDT', '1', '181904231810022427710', '资金划转', '2019-04-23 18:10:02', '2019-04-23 18:10:02');
INSERT INTO `account_entry` VALUES ('368', '539', '60', '1', '-4000.0000000000', 'USDT', '1', '181904231811456117089', '资金划转', '2019-04-23 18:11:46', '2019-04-23 18:11:46');
INSERT INTO `account_entry` VALUES ('369', '22', '18', '3', '-1500.0000000000', 'USDT', '2', '20190421090211353087', '撤销广告卖单', '2019-04-23 21:00:04', '2019-04-23 21:00:04');
INSERT INTO `account_entry` VALUES ('370', '22', '17', '3', '1500.0000000000', 'USDT', '1', '20190421090211353087', '撤销广告卖单', '2019-04-23 21:00:04', '2019-04-23 21:00:04');
INSERT INTO `account_entry` VALUES ('371', '27', '21', '2', '3000.0000000000', 'USDT', '2', '20190424085358622405', '发布广告卖单', '2019-04-24 08:53:59', '2019-04-24 08:53:59');
INSERT INTO `account_entry` VALUES ('372', '27', '15', '2', '-3000.0000000000', 'USDT', '1', '20190424085358622405', '发布广告卖单', '2019-04-24 08:53:59', '2019-04-24 08:53:59');
INSERT INTO `account_entry` VALUES ('373', '27', '21', '6', '-400.0000000000', 'USDT', '2', '0001904240912382666215', '放币', '2019-04-24 09:19:41', '2019-04-24 09:19:41');
INSERT INTO `account_entry` VALUES ('374', '712', '55', '6', '400.0000000000', 'USDT', '1', '0001904240912382666215', '放币', '2019-04-24 09:19:41', '2019-04-24 09:19:41');
INSERT INTO `account_entry` VALUES ('375', '712', '55', '1', '1610.0000000000', 'USDT', '1', '181904240920515667013', '资金划转', '2019-04-24 09:20:52', '2019-04-24 09:20:52');
INSERT INTO `account_entry` VALUES ('376', '712', '55', '4', '-2010.0000000000', 'USDT', '1', '0001904240925593936513', '用户下卖单', '2019-04-24 09:25:59', '2019-04-24 09:25:59');
INSERT INTO `account_entry` VALUES ('377', '712', '61', '4', '2010.0000000000', 'USDT', '2', '0001904240925593936513', '用户下卖单', '2019-04-24 09:25:59', '2019-04-24 09:25:59');
INSERT INTO `account_entry` VALUES ('378', '712', '55', '5', '2010.0000000000', 'USDT', '1', '0001904240925593936513', '用户撤销卖单', '2019-04-24 09:41:02', '2019-04-24 09:41:02');
INSERT INTO `account_entry` VALUES ('379', '712', '61', '5', '-2010.0000000000', 'USDT', '2', '0001904240925593936513', '用户撤销卖单', '2019-04-24 09:41:02', '2019-04-24 09:41:02');
INSERT INTO `account_entry` VALUES ('380', '712', '55', '1', '-2010.0000000000', 'USDT', '1', '181904240949489861352', '资金划转', '2019-04-24 09:49:49', '2019-04-24 09:49:49');
INSERT INTO `account_entry` VALUES ('381', '539', '60', '1', '4000.0000000000', 'USDT', '1', '181904241013235001845', '资金划转', '2019-04-24 10:13:24', '2019-04-24 10:13:24');
INSERT INTO `account_entry` VALUES ('382', '539', '60', '4', '-4000.0000000000', 'USDT', '1', '0001904241013454962894', '用户下卖单', '2019-04-24 10:13:45', '2019-04-24 10:13:45');
INSERT INTO `account_entry` VALUES ('383', '539', '62', '4', '4000.0000000000', 'USDT', '2', '0001904241013454962894', '用户下卖单', '2019-04-24 10:13:46', '2019-04-24 10:13:46');
INSERT INTO `account_entry` VALUES ('384', '539', '60', '1', '4000.0000000000', 'USDT', '1', '181904241014140168347', '资金划转', '2019-04-24 10:14:14', '2019-04-24 10:14:14');
INSERT INTO `account_entry` VALUES ('385', '539', '62', '6', '-4000.0000000000', 'USDT', '2', '0001904241013454962894', '放币', '2019-04-24 10:24:03', '2019-04-24 10:24:03');
INSERT INTO `account_entry` VALUES ('386', '25', '32', '6', '4000.0000000000', 'USDT', '1', '0001904241013454962894', '放币', '2019-04-24 10:24:03', '2019-04-24 10:24:03');
INSERT INTO `account_entry` VALUES ('387', '539', '60', '4', '-4000.0000000000', 'USDT', '1', '0001904241125531636536', '用户下卖单', '2019-04-24 11:25:53', '2019-04-24 11:25:53');
INSERT INTO `account_entry` VALUES ('388', '539', '62', '4', '4000.0000000000', 'USDT', '2', '0001904241125531636536', '用户下卖单', '2019-04-24 11:25:53', '2019-04-24 11:25:53');
INSERT INTO `account_entry` VALUES ('389', '539', '60', '1', '3174.0000000000', 'USDT', '1', '181904241126408878276', '资金划转', '2019-04-24 11:26:41', '2019-04-24 11:26:41');
INSERT INTO `account_entry` VALUES ('390', '539', '60', '5', '4000.0000000000', 'USDT', '1', '0001904241125531636536', '用户撤销卖单', '2019-04-24 11:40:54', '2019-04-24 11:40:54');
INSERT INTO `account_entry` VALUES ('391', '539', '62', '5', '-4000.0000000000', 'USDT', '2', '0001904241125531636536', '用户撤销卖单', '2019-04-24 11:40:54', '2019-04-24 11:40:54');
INSERT INTO `account_entry` VALUES ('392', '539', '60', '4', '-4000.0000000000', 'USDT', '1', '0001904241256201735880', '用户下卖单', '2019-04-24 12:56:20', '2019-04-24 12:56:20');
INSERT INTO `account_entry` VALUES ('393', '539', '62', '4', '4000.0000000000', 'USDT', '2', '0001904241256201735880', '用户下卖单', '2019-04-24 12:56:20', '2019-04-24 12:56:20');
INSERT INTO `account_entry` VALUES ('394', '539', '60', '4', '-3174.0000000000', 'USDT', '1', '0001904241301483247220', '用户下卖单', '2019-04-24 13:01:48', '2019-04-24 13:01:48');
INSERT INTO `account_entry` VALUES ('395', '539', '62', '4', '3174.0000000000', 'USDT', '2', '0001904241301483247220', '用户下卖单', '2019-04-24 13:01:48', '2019-04-24 13:01:48');
INSERT INTO `account_entry` VALUES ('396', '539', '60', '5', '4000.0000000000', 'USDT', '1', '0001904241256201735880', '用户撤销卖单', '2019-04-24 13:11:20', '2019-04-24 13:11:20');
INSERT INTO `account_entry` VALUES ('397', '539', '62', '5', '-4000.0000000000', 'USDT', '2', '0001904241256201735880', '用户撤销卖单', '2019-04-24 13:11:20', '2019-04-24 13:11:20');
INSERT INTO `account_entry` VALUES ('398', '539', '60', '5', '3174.0000000000', 'USDT', '1', '0001904241301483247220', '用户撤销卖单', '2019-04-24 13:16:48', '2019-04-24 13:16:48');
INSERT INTO `account_entry` VALUES ('399', '539', '62', '5', '-3174.0000000000', 'USDT', '2', '0001904241301483247220', '用户撤销卖单', '2019-04-24 13:16:48', '2019-04-24 13:16:48');
INSERT INTO `account_entry` VALUES ('400', '27', '21', '2', '3000.0000000000', 'USDT', '2', '20190424161958836981', '发布广告卖单', '2019-04-24 16:19:59', '2019-04-24 16:19:59');
INSERT INTO `account_entry` VALUES ('401', '27', '15', '2', '-3000.0000000000', 'USDT', '1', '20190424161958836981', '发布广告卖单', '2019-04-24 16:19:59', '2019-04-24 16:19:59');
INSERT INTO `account_entry` VALUES ('402', '712', '55', '1', '1423.2000000000', 'USDT', '1', '181904242006474273157', '资金划转', '2019-04-24 20:06:47', '2019-04-24 20:06:47');
INSERT INTO `account_entry` VALUES ('403', '712', '55', '4', '-1423.2000000000', 'USDT', '1', '0001904242010228482465', '用户下卖单', '2019-04-24 20:10:23', '2019-04-24 20:10:23');
INSERT INTO `account_entry` VALUES ('404', '712', '61', '4', '1423.2000000000', 'USDT', '2', '0001904242010228482465', '用户下卖单', '2019-04-24 20:10:23', '2019-04-24 20:10:23');
INSERT INTO `account_entry` VALUES ('405', '712', '55', '5', '1423.2000000000', 'USDT', '1', '0001904242010228482465', '用户撤销卖单', '2019-04-24 20:25:23', '2019-04-24 20:25:23');
INSERT INTO `account_entry` VALUES ('406', '712', '61', '5', '-1423.2000000000', 'USDT', '2', '0001904242010228482465', '用户撤销卖单', '2019-04-24 20:25:23', '2019-04-24 20:25:23');
INSERT INTO `account_entry` VALUES ('407', '712', '55', '1', '-1423.2000000000', 'USDT', '1', '181904242055408326215', '资金划转', '2019-04-24 20:55:41', '2019-04-24 20:55:41');
INSERT INTO `account_entry` VALUES ('408', '27', '21', '3', '-3000.0000000000', 'USDT', '2', '20190424161958836981', '撤销广告卖单', '2019-04-24 22:53:57', '2019-04-24 22:53:57');
INSERT INTO `account_entry` VALUES ('409', '27', '15', '3', '3000.0000000000', 'USDT', '1', '20190424161958836981', '撤销广告卖单', '2019-04-24 22:53:57', '2019-04-24 22:53:57');
INSERT INTO `account_entry` VALUES ('410', '27', '21', '3', '-2600.0000000000', 'USDT', '2', '20190424085358622405', '撤销广告卖单', '2019-04-24 22:54:02', '2019-04-24 22:54:02');
INSERT INTO `account_entry` VALUES ('411', '27', '15', '3', '2600.0000000000', 'USDT', '1', '20190424085358622405', '撤销广告卖单', '2019-04-24 22:54:02', '2019-04-24 22:54:02');
INSERT INTO `account_entry` VALUES ('412', '27', '21', '2', '3000.0000000000', 'USDT', '2', '20190425090509683724', '发布广告卖单', '2019-04-25 09:05:10', '2019-04-25 09:05:10');
INSERT INTO `account_entry` VALUES ('413', '27', '15', '2', '-3000.0000000000', 'USDT', '1', '20190425090509683724', '发布广告卖单', '2019-04-25 09:05:10', '2019-04-25 09:05:10');
INSERT INTO `account_entry` VALUES ('414', '27', '21', '2', '3000.0000000000', 'USDT', '2', '20190425090607333331', '发布广告卖单', '2019-04-25 09:06:07', '2019-04-25 09:06:07');
INSERT INTO `account_entry` VALUES ('415', '27', '15', '2', '-3000.0000000000', 'USDT', '1', '20190425090607333331', '发布广告卖单', '2019-04-25 09:06:07', '2019-04-25 09:06:07');
INSERT INTO `account_entry` VALUES ('416', '22', '18', '2', '2000.0000000000', 'USDT', '2', '20190425090739523190', '发布广告卖单', '2019-04-25 09:07:40', '2019-04-25 09:07:40');
INSERT INTO `account_entry` VALUES ('417', '22', '17', '2', '-2000.0000000000', 'USDT', '1', '20190425090739523190', '发布广告卖单', '2019-04-25 09:07:40', '2019-04-25 09:07:40');
INSERT INTO `account_entry` VALUES ('418', '27', '21', '3', '-3000.0000000000', 'USDT', '2', '20190425090607333331', '撤销广告卖单', '2019-04-25 09:18:04', '2019-04-25 09:18:04');
INSERT INTO `account_entry` VALUES ('419', '27', '15', '3', '3000.0000000000', 'USDT', '1', '20190425090607333331', '撤销广告卖单', '2019-04-25 09:18:04', '2019-04-25 09:18:04');
INSERT INTO `account_entry` VALUES ('420', '27', '21', '2', '3000.0000000000', 'USDT', '2', '20190425092153360393', '发布广告卖单', '2019-04-25 09:21:53', '2019-04-25 09:21:53');
INSERT INTO `account_entry` VALUES ('421', '27', '15', '2', '-3000.0000000000', 'USDT', '1', '20190425092153360393', '发布广告卖单', '2019-04-25 09:21:53', '2019-04-25 09:21:53');
INSERT INTO `account_entry` VALUES ('422', '22', '18', '2', '2000.0000000000', 'USDT', '2', '20190425092250754857', '发布广告卖单', '2019-04-25 09:22:51', '2019-04-25 09:22:51');
INSERT INTO `account_entry` VALUES ('423', '22', '17', '2', '-2000.0000000000', 'USDT', '1', '20190425092250754857', '发布广告卖单', '2019-04-25 09:22:51', '2019-04-25 09:22:51');
INSERT INTO `account_entry` VALUES ('424', '133', '63', '1', '1000.0000000000', 'USDT', '1', '181904251207415016668', '资金划转', '2019-04-25 12:07:42', '2019-04-25 12:07:42');
INSERT INTO `account_entry` VALUES ('425', '133', '63', '4', '-1000.0000000000', 'USDT', '1', '0001904251208126052319', '用户下卖单', '2019-04-25 12:08:13', '2019-04-25 12:08:13');
INSERT INTO `account_entry` VALUES ('426', '133', '64', '4', '1000.0000000000', 'USDT', '2', '0001904251208126052319', '用户下卖单', '2019-04-25 12:08:13', '2019-04-25 12:08:13');
INSERT INTO `account_entry` VALUES ('427', '133', '63', '5', '1000.0000000000', 'USDT', '1', '0001904251208126052319', '用户撤销卖单', '2019-04-25 12:23:14', '2019-04-25 12:23:14');
INSERT INTO `account_entry` VALUES ('428', '133', '64', '5', '-1000.0000000000', 'USDT', '2', '0001904251208126052319', '用户撤销卖单', '2019-04-25 12:23:14', '2019-04-25 12:23:14');
INSERT INTO `account_entry` VALUES ('429', '133', '63', '1', '-1000.0000000000', 'USDT', '1', '181904251254524966209', '资金划转', '2019-04-25 12:54:53', '2019-04-25 12:54:53');
INSERT INTO `account_entry` VALUES ('430', '539', '60', '4', '-4000.0000000000', 'USDT', '1', '0001904251330262654132', '用户下卖单', '2019-04-25 13:30:26', '2019-04-25 13:30:26');
INSERT INTO `account_entry` VALUES ('431', '539', '62', '4', '4000.0000000000', 'USDT', '2', '0001904251330262654132', '用户下卖单', '2019-04-25 13:30:26', '2019-04-25 13:30:26');
INSERT INTO `account_entry` VALUES ('432', '133', '63', '1', '2000.0000000000', 'USDT', '1', '181904251333554191962', '资金划转', '2019-04-25 13:33:55', '2019-04-25 13:33:55');
INSERT INTO `account_entry` VALUES ('433', '539', '60', '4', '-3174.0000000000', 'USDT', '1', '0001904251334112281078', '用户下卖单', '2019-04-25 13:34:11', '2019-04-25 13:34:11');
INSERT INTO `account_entry` VALUES ('434', '539', '62', '4', '3174.0000000000', 'USDT', '2', '0001904251334112281078', '用户下卖单', '2019-04-25 13:34:11', '2019-04-25 13:34:11');
INSERT INTO `account_entry` VALUES ('435', '133', '63', '1', '-2000.0000000000', 'USDT', '1', '181904251337190254321', '资金划转', '2019-04-25 13:37:19', '2019-04-25 13:37:19');
INSERT INTO `account_entry` VALUES ('436', '539', '60', '5', '4000.0000000000', 'USDT', '1', '0001904251330262654132', '用户撤销卖单', '2019-04-25 13:45:28', '2019-04-25 13:45:28');
INSERT INTO `account_entry` VALUES ('437', '539', '62', '5', '-4000.0000000000', 'USDT', '2', '0001904251330262654132', '用户撤销卖单', '2019-04-25 13:45:28', '2019-04-25 13:45:28');
INSERT INTO `account_entry` VALUES ('438', '30', '54', '1', '2000.0000000000', 'USDT', '1', '181904251349024116068', '资金划转', '2019-04-25 13:49:02', '2019-04-25 13:49:02');
INSERT INTO `account_entry` VALUES ('439', '539', '60', '5', '3174.0000000000', 'USDT', '1', '0001904251334112281078', '用户撤销卖单', '2019-04-25 13:49:13', '2019-04-25 13:49:13');
INSERT INTO `account_entry` VALUES ('440', '539', '62', '5', '-3174.0000000000', 'USDT', '2', '0001904251334112281078', '用户撤销卖单', '2019-04-25 13:49:13', '2019-04-25 13:49:13');
INSERT INTO `account_entry` VALUES ('441', '30', '54', '1', '-2000.0000000000', 'USDT', '1', '181904251351118223813', '资金划转', '2019-04-25 13:51:12', '2019-04-25 13:51:12');
INSERT INTO `account_entry` VALUES ('442', '133', '63', '1', '2000.0000000000', 'USDT', '1', '181904251425050270734', '资金划转', '2019-04-25 14:25:05', '2019-04-25 14:25:05');
INSERT INTO `account_entry` VALUES ('443', '133', '63', '4', '-2000.0000000000', 'USDT', '1', '0001904251426593399382', '用户下卖单', '2019-04-25 14:26:59', '2019-04-25 14:26:59');
INSERT INTO `account_entry` VALUES ('444', '133', '64', '4', '2000.0000000000', 'USDT', '2', '0001904251426593399382', '用户下卖单', '2019-04-25 14:26:59', '2019-04-25 14:26:59');
INSERT INTO `account_entry` VALUES ('445', '133', '63', '5', '2000.0000000000', 'USDT', '1', '0001904251426593399382', '用户撤销卖单', '2019-04-25 14:42:01', '2019-04-25 14:42:01');
INSERT INTO `account_entry` VALUES ('446', '133', '64', '5', '-2000.0000000000', 'USDT', '2', '0001904251426593399382', '用户撤销卖单', '2019-04-25 14:42:01', '2019-04-25 14:42:01');
INSERT INTO `account_entry` VALUES ('447', '133', '63', '4', '-2000.0000000000', 'USDT', '1', '0001904251443023775800', '用户下卖单', '2019-04-25 14:43:02', '2019-04-25 14:43:02');
INSERT INTO `account_entry` VALUES ('448', '133', '64', '4', '2000.0000000000', 'USDT', '2', '0001904251443023775800', '用户下卖单', '2019-04-25 14:43:02', '2019-04-25 14:43:02');
INSERT INTO `account_entry` VALUES ('449', '133', '63', '5', '2000.0000000000', 'USDT', '1', '0001904251443023775800', '用户撤销卖单', '2019-04-25 14:58:04', '2019-04-25 14:58:04');
INSERT INTO `account_entry` VALUES ('450', '133', '64', '5', '-2000.0000000000', 'USDT', '2', '0001904251443023775800', '用户撤销卖单', '2019-04-25 14:58:04', '2019-04-25 14:58:04');
INSERT INTO `account_entry` VALUES ('451', '133', '63', '1', '2000.0000000000', 'USDT', '1', '181904251500363855980', '资金划转', '2019-04-25 15:00:36', '2019-04-25 15:00:36');
INSERT INTO `account_entry` VALUES ('452', '133', '63', '1', '-4000.0000000000', 'USDT', '1', '181904251500536503972', '资金划转', '2019-04-25 15:00:54', '2019-04-25 15:00:54');
INSERT INTO `account_entry` VALUES ('453', '133', '63', '1', '3000.0000000000', 'USDT', '1', '181904251554269486345', '资金划转', '2019-04-25 15:54:27', '2019-04-25 15:54:27');
INSERT INTO `account_entry` VALUES ('454', '133', '63', '1', '-3000.0000000000', 'USDT', '1', '181904251610188076138', '资金划转', '2019-04-25 16:10:19', '2019-04-25 16:10:19');
INSERT INTO `account_entry` VALUES ('455', '133', '63', '1', '3000.0000000000', 'USDT', '1', '181904251624259201555', '资金划转', '2019-04-25 16:24:26', '2019-04-25 16:24:26');
INSERT INTO `account_entry` VALUES ('456', '133', '63', '1', '-3000.0000000000', 'USDT', '1', '181904251658520563200', '资金划转', '2019-04-25 16:58:52', '2019-04-25 16:58:52');
INSERT INTO `account_entry` VALUES ('457', '133', '63', '1', '3000.0000000000', 'USDT', '1', '181904251714008732643', '资金划转', '2019-04-25 17:14:01', '2019-04-25 17:14:01');
INSERT INTO `account_entry` VALUES ('458', '133', '63', '4', '-1500.0000000000', 'USDT', '1', '0001904251717358859500', '用户下卖单', '2019-04-25 17:17:36', '2019-04-25 17:17:36');
INSERT INTO `account_entry` VALUES ('459', '133', '64', '4', '1500.0000000000', 'USDT', '2', '0001904251717358859500', '用户下卖单', '2019-04-25 17:17:36', '2019-04-25 17:17:36');
INSERT INTO `account_entry` VALUES ('460', '133', '63', '4', '-1500.0000000000', 'USDT', '1', '0001904251718570831349', '用户下卖单', '2019-04-25 17:18:57', '2019-04-25 17:18:57');
INSERT INTO `account_entry` VALUES ('461', '133', '64', '4', '1500.0000000000', 'USDT', '2', '0001904251718570831349', '用户下卖单', '2019-04-25 17:18:57', '2019-04-25 17:18:57');
INSERT INTO `account_entry` VALUES ('462', '133', '63', '5', '1500.0000000000', 'USDT', '1', '0001904251717358859500', '用户撤销卖单', '2019-04-25 17:32:37', '2019-04-25 17:32:37');
INSERT INTO `account_entry` VALUES ('463', '133', '64', '5', '-1500.0000000000', 'USDT', '2', '0001904251717358859500', '用户撤销卖单', '2019-04-25 17:32:37', '2019-04-25 17:32:37');
INSERT INTO `account_entry` VALUES ('464', '668', '65', '1', '2615.0000000000', 'USDT', '1', '181904251733282333166', '资金划转', '2019-04-25 17:33:28', '2019-04-25 17:33:28');
INSERT INTO `account_entry` VALUES ('465', '133', '63', '5', '1500.0000000000', 'USDT', '1', '0001904251718570831349', '用户撤销卖单', '2019-04-25 17:33:59', '2019-04-25 17:33:59');
INSERT INTO `account_entry` VALUES ('466', '133', '64', '5', '-1500.0000000000', 'USDT', '2', '0001904251718570831349', '用户撤销卖单', '2019-04-25 17:33:59', '2019-04-25 17:33:59');
INSERT INTO `account_entry` VALUES ('467', '133', '63', '4', '-1500.0000000000', 'USDT', '1', '0001904251747124706680', '用户下卖单', '2019-04-25 17:47:12', '2019-04-25 17:47:12');
INSERT INTO `account_entry` VALUES ('468', '133', '64', '4', '1500.0000000000', 'USDT', '2', '0001904251747124706680', '用户下卖单', '2019-04-25 17:47:12', '2019-04-25 17:47:12');
INSERT INTO `account_entry` VALUES ('469', '133', '63', '4', '-1000.0000000000', 'USDT', '1', '0001904251753197744503', '用户下卖单', '2019-04-25 17:53:20', '2019-04-25 17:53:20');
INSERT INTO `account_entry` VALUES ('470', '133', '64', '4', '1000.0000000000', 'USDT', '2', '0001904251753197744503', '用户下卖单', '2019-04-25 17:53:20', '2019-04-25 17:53:20');
INSERT INTO `account_entry` VALUES ('471', '668', '65', '1', '-2615.0000000000', 'USDT', '1', '181904251806257534791', '资金划转', '2019-04-25 18:06:26', '2019-04-25 18:06:26');
INSERT INTO `account_entry` VALUES ('472', '133', '64', '6', '-1000.0000000000', 'USDT', '2', '0001904251753197744503', '放币', '2019-04-25 18:07:00', '2019-04-25 18:07:00');
INSERT INTO `account_entry` VALUES ('473', '25', '32', '6', '1000.0000000000', 'USDT', '1', '0001904251753197744503', '放币', '2019-04-25 18:07:00', '2019-04-25 18:07:00');
INSERT INTO `account_entry` VALUES ('474', '133', '64', '6', '-1500.0000000000', 'USDT', '2', '0001904251747124706680', '放币', '2019-04-25 18:07:17', '2019-04-25 18:07:17');
INSERT INTO `account_entry` VALUES ('475', '25', '32', '6', '1500.0000000000', 'USDT', '1', '0001904251747124706680', '放币', '2019-04-25 18:07:17', '2019-04-25 18:07:17');
INSERT INTO `account_entry` VALUES ('476', '133', '63', '1', '1000.0000000000', 'USDT', '1', '181904251807358229022', '资金划转', '2019-04-25 18:07:36', '2019-04-25 18:07:36');
INSERT INTO `account_entry` VALUES ('477', '133', '63', '4', '-1500.0000000000', 'USDT', '1', '0001904251807552560759', '用户下卖单', '2019-04-25 18:07:55', '2019-04-25 18:07:55');
INSERT INTO `account_entry` VALUES ('478', '133', '64', '4', '1500.0000000000', 'USDT', '2', '0001904251807552560759', '用户下卖单', '2019-04-25 18:07:55', '2019-04-25 18:07:55');
INSERT INTO `account_entry` VALUES ('479', '133', '64', '6', '-1500.0000000000', 'USDT', '2', '0001904251807552560759', '放币', '2019-04-25 18:15:12', '2019-04-25 18:15:12');
INSERT INTO `account_entry` VALUES ('480', '25', '32', '6', '1500.0000000000', 'USDT', '1', '0001904251807552560759', '放币', '2019-04-25 18:15:12', '2019-04-25 18:15:12');
INSERT INTO `account_entry` VALUES ('481', '133', '63', '1', '5000.0000000000', 'USDT', '1', '181904251824228906331', '资金划转', '2019-04-25 18:24:23', '2019-04-25 18:24:23');
INSERT INTO `account_entry` VALUES ('482', '133', '63', '1', '-5000.0000000000', 'USDT', '1', '181904251836461706428', '资金划转', '2019-04-25 18:36:46', '2019-04-25 18:36:46');
INSERT INTO `account_entry` VALUES ('483', '262', '33', '1', '3813.7440000000', 'USDT', '1', '181904251916367583546', '资金划转', '2019-04-25 19:16:37', '2019-04-25 19:16:37');
INSERT INTO `account_entry` VALUES ('484', '27', '21', '6', '-289.0173000000', 'USDT', '2', '0001904251927424248130', '放币', '2019-04-25 19:32:51', '2019-04-25 19:32:51');
INSERT INTO `account_entry` VALUES ('485', '370', '66', '6', '289.0173000000', 'USDT', '1', '0001904251927424248130', '放币', '2019-04-25 19:32:51', '2019-04-25 19:32:51');
INSERT INTO `account_entry` VALUES ('486', '370', '66', '1', '-289.0173000000', 'USDT', '1', '181904251934156684442', '资金划转', '2019-04-25 19:34:16', '2019-04-25 19:34:16');
INSERT INTO `account_entry` VALUES ('487', '27', '21', '3', '-3000.0000000000', 'USDT', '2', '20190425090509683724', '撤销广告卖单', '2019-04-25 21:00:43', '2019-04-25 21:00:43');
INSERT INTO `account_entry` VALUES ('488', '27', '15', '3', '3000.0000000000', 'USDT', '1', '20190425090509683724', '撤销广告卖单', '2019-04-25 21:00:43', '2019-04-25 21:00:43');
INSERT INTO `account_entry` VALUES ('489', '27', '21', '3', '-2710.9827000000', 'USDT', '2', '20190425092153360393', '撤销广告卖单', '2019-04-25 21:00:47', '2019-04-25 21:00:47');
INSERT INTO `account_entry` VALUES ('490', '27', '15', '3', '2710.9827000000', 'USDT', '1', '20190425092153360393', '撤销广告卖单', '2019-04-25 21:00:47', '2019-04-25 21:00:47');
INSERT INTO `account_entry` VALUES ('491', '133', '63', '1', '4000.0000000000', 'USDT', '1', '181904260853493544161', '资金划转', '2019-04-26 08:53:49', '2019-04-26 08:53:49');
INSERT INTO `account_entry` VALUES ('492', '27', '21', '2', '3000.0000000000', 'USDT', '2', '20190426085432647049', '发布广告卖单', '2019-04-26 08:54:33', '2019-04-26 08:54:33');
INSERT INTO `account_entry` VALUES ('493', '27', '15', '2', '-3000.0000000000', 'USDT', '1', '20190426085432647049', '发布广告卖单', '2019-04-26 08:54:33', '2019-04-26 08:54:33');
INSERT INTO `account_entry` VALUES ('494', '27', '21', '2', '3000.0000000000', 'USDT', '2', '20190426085456139462', '发布广告卖单', '2019-04-26 08:54:56', '2019-04-26 08:54:56');
INSERT INTO `account_entry` VALUES ('495', '27', '15', '2', '-3000.0000000000', 'USDT', '1', '20190426085456139462', '发布广告卖单', '2019-04-26 08:54:56', '2019-04-26 08:54:56');
INSERT INTO `account_entry` VALUES ('496', '133', '63', '4', '-4000.0000000000', 'USDT', '1', '0001904260904120218909', '用户下卖单', '2019-04-26 09:04:12', '2019-04-26 09:04:12');
INSERT INTO `account_entry` VALUES ('497', '133', '64', '4', '4000.0000000000', 'USDT', '2', '0001904260904120218909', '用户下卖单', '2019-04-26 09:04:12', '2019-04-26 09:04:12');
INSERT INTO `account_entry` VALUES ('498', '57', '13', '1', '6691.2500000000', 'USDT', '1', '181904260905567307707', '资金划转', '2019-04-26 09:05:57', '2019-04-26 09:05:57');
INSERT INTO `account_entry` VALUES ('499', '539', '60', '4', '-4000.0000000000', 'USDT', '1', '0001904260907380505289', '用户下卖单', '2019-04-26 09:07:38', '2019-04-26 09:07:38');
INSERT INTO `account_entry` VALUES ('500', '539', '62', '4', '4000.0000000000', 'USDT', '2', '0001904260907380505289', '用户下卖单', '2019-04-26 09:07:38', '2019-04-26 09:07:38');
INSERT INTO `account_entry` VALUES ('501', '133', '63', '5', '4000.0000000000', 'USDT', '1', '0001904260904120218909', '用户撤销卖单', '2019-04-26 09:19:13', '2019-04-26 09:19:13');
INSERT INTO `account_entry` VALUES ('502', '133', '64', '5', '-4000.0000000000', 'USDT', '2', '0001904260904120218909', '用户撤销卖单', '2019-04-26 09:19:13', '2019-04-26 09:19:13');
INSERT INTO `account_entry` VALUES ('503', '539', '60', '5', '4000.0000000000', 'USDT', '1', '0001904260907380505289', '用户撤销卖单', '2019-04-26 09:22:41', '2019-04-26 09:22:41');
INSERT INTO `account_entry` VALUES ('504', '539', '62', '5', '-4000.0000000000', 'USDT', '2', '0001904260907380505289', '用户撤销卖单', '2019-04-26 09:22:41', '2019-04-26 09:22:41');
INSERT INTO `account_entry` VALUES ('505', '25', '32', '4', '-5000.0000000000', 'USDT', '1', '0001904260957252710260', '用户下卖单', '2019-04-26 09:57:25', '2019-04-26 09:57:25');
INSERT INTO `account_entry` VALUES ('506', '25', '67', '4', '5000.0000000000', 'USDT', '2', '0001904260957252710260', '用户下卖单', '2019-04-26 09:57:25', '2019-04-26 09:57:25');
INSERT INTO `account_entry` VALUES ('507', '25', '32', '5', '5000.0000000000', 'USDT', '1', '0001904260957252710260', '用户撤销卖单', '2019-04-26 10:12:28', '2019-04-26 10:12:28');
INSERT INTO `account_entry` VALUES ('508', '25', '67', '5', '-5000.0000000000', 'USDT', '2', '0001904260957252710260', '用户撤销卖单', '2019-04-26 10:12:28', '2019-04-26 10:12:28');
INSERT INTO `account_entry` VALUES ('509', '57', '13', '4', '-5000.0000000000', 'USDT', '1', '0001904261016518555202', '用户下卖单', '2019-04-26 10:16:52', '2019-04-26 10:16:52');
INSERT INTO `account_entry` VALUES ('510', '57', '23', '4', '5000.0000000000', 'USDT', '2', '0001904261016518555202', '用户下卖单', '2019-04-26 10:16:52', '2019-04-26 10:16:52');
INSERT INTO `account_entry` VALUES ('511', '57', '13', '5', '5000.0000000000', 'USDT', '1', '0001904261016518555202', '用户撤销卖单', '2019-04-26 10:31:52', '2019-04-26 10:31:52');
INSERT INTO `account_entry` VALUES ('512', '57', '23', '5', '-5000.0000000000', 'USDT', '2', '0001904261016518555202', '用户撤销卖单', '2019-04-26 10:31:52', '2019-04-26 10:31:52');
INSERT INTO `account_entry` VALUES ('513', '57', '13', '4', '-4000.0000000000', 'USDT', '1', '0001904261033494085330', '用户下卖单', '2019-04-26 10:33:49', '2019-04-26 10:33:49');
INSERT INTO `account_entry` VALUES ('514', '57', '23', '4', '4000.0000000000', 'USDT', '2', '0001904261033494085330', '用户下卖单', '2019-04-26 10:33:49', '2019-04-26 10:33:49');
INSERT INTO `account_entry` VALUES ('515', '57', '13', '5', '4000.0000000000', 'USDT', '1', '0001904261033494085330', '用户撤销卖单', '2019-04-26 10:48:52', '2019-04-26 10:48:52');
INSERT INTO `account_entry` VALUES ('516', '57', '23', '5', '-4000.0000000000', 'USDT', '2', '0001904261033494085330', '用户撤销卖单', '2019-04-26 10:48:52', '2019-04-26 10:48:52');
INSERT INTO `account_entry` VALUES ('517', '133', '63', '4', '-2000.0000000000', 'USDT', '1', '0001904261053170565770', '用户下卖单', '2019-04-26 10:53:17', '2019-04-26 10:53:17');
INSERT INTO `account_entry` VALUES ('518', '133', '64', '4', '2000.0000000000', 'USDT', '2', '0001904261053170565770', '用户下卖单', '2019-04-26 10:53:17', '2019-04-26 10:53:17');
INSERT INTO `account_entry` VALUES ('519', '133', '63', '4', '-2000.0000000000', 'USDT', '1', '0001904261055368688368', '用户下卖单', '2019-04-26 10:55:37', '2019-04-26 10:55:37');
INSERT INTO `account_entry` VALUES ('520', '133', '64', '4', '2000.0000000000', 'USDT', '2', '0001904261055368688368', '用户下卖单', '2019-04-26 10:55:37', '2019-04-26 10:55:37');
INSERT INTO `account_entry` VALUES ('521', '57', '13', '1', '-6691.2500000000', 'USDT', '1', '181904261056038129356', '资金划转', '2019-04-26 10:56:04', '2019-04-26 10:56:04');
INSERT INTO `account_entry` VALUES ('522', '133', '63', '5', '2000.0000000000', 'USDT', '1', '0001904261053170565770', '用户撤销卖单', '2019-04-26 11:08:19', '2019-04-26 11:08:19');
INSERT INTO `account_entry` VALUES ('523', '133', '64', '5', '-2000.0000000000', 'USDT', '2', '0001904261053170565770', '用户撤销卖单', '2019-04-26 11:08:19', '2019-04-26 11:08:19');
INSERT INTO `account_entry` VALUES ('524', '133', '63', '1', '-2000.0000000000', 'USDT', '1', '181904261109306335821', '资金划转', '2019-04-26 11:09:31', '2019-04-26 11:09:31');
INSERT INTO `account_entry` VALUES ('525', '133', '63', '5', '2000.0000000000', 'USDT', '1', '0001904261055368688368', '用户撤销卖单', '2019-04-26 11:10:38', '2019-04-26 11:10:38');
INSERT INTO `account_entry` VALUES ('526', '133', '64', '5', '-2000.0000000000', 'USDT', '2', '0001904261055368688368', '用户撤销卖单', '2019-04-26 11:10:38', '2019-04-26 11:10:38');
INSERT INTO `account_entry` VALUES ('527', '22', '18', '6', '-1756.9546000000', 'USDT', '2', '0001904261106074549048', '放币', '2019-04-26 11:25:06', '2019-04-26 11:25:06');
INSERT INTO `account_entry` VALUES ('528', '779', '68', '6', '1756.9546000000', 'USDT', '1', '0001904261106074549048', '放币', '2019-04-26 11:25:06', '2019-04-26 11:25:06');
INSERT INTO `account_entry` VALUES ('529', '27', '21', '6', '-3000.0000000000', 'USDT', '2', '0001904261127034385195', '放币', '2019-04-26 11:36:08', '2019-04-26 11:36:08');
INSERT INTO `account_entry` VALUES ('530', '779', '68', '6', '3000.0000000000', 'USDT', '1', '0001904261127034385195', '放币', '2019-04-26 11:36:08', '2019-04-26 11:36:08');
INSERT INTO `account_entry` VALUES ('531', '27', '21', '2', '3000.0000000000', 'USDT', '2', '20190426113824567765', '发布广告卖单', '2019-04-26 11:38:25', '2019-04-26 11:38:25');
INSERT INTO `account_entry` VALUES ('532', '27', '15', '2', '-3000.0000000000', 'USDT', '1', '20190426113824567765', '发布广告卖单', '2019-04-26 11:38:25', '2019-04-26 11:38:25');
INSERT INTO `account_entry` VALUES ('533', '779', '68', '1', '-4756.9546000000', 'USDT', '1', '181904261142491853321', '资金划转', '2019-04-26 11:42:49', '2019-04-26 11:42:49');
INSERT INTO `account_entry` VALUES ('534', '133', '63', '1', '-2000.0000000000', 'USDT', '1', '181904261231586102110', '资金划转', '2019-04-26 12:31:59', '2019-04-26 12:31:59');
INSERT INTO `account_entry` VALUES ('535', '22', '18', '6', '-1985.4015000000', 'USDT', '2', '0001904261224157898156', '放币', '2019-04-26 12:39:50', '2019-04-26 12:39:50');
INSERT INTO `account_entry` VALUES ('536', '744', '69', '6', '1985.4015000000', 'USDT', '1', '0001904261224157898156', '放币', '2019-04-26 12:39:50', '2019-04-26 12:39:50');
INSERT INTO `account_entry` VALUES ('537', '30', '54', '1', '2000.0000000000', 'USDT', '1', '181904261244466906767', '资金划转', '2019-04-26 12:44:47', '2019-04-26 12:44:47');
INSERT INTO `account_entry` VALUES ('538', '30', '54', '1', '-2000.0000000000', 'USDT', '1', '181904261246467492178', '资金划转', '2019-04-26 12:46:47', '2019-04-26 12:46:47');
INSERT INTO `account_entry` VALUES ('539', '744', '69', '1', '-1985.4015000000', 'USDT', '1', '181904261246589525112', '资金划转', '2019-04-26 12:46:59', '2019-04-26 12:46:59');
INSERT INTO `account_entry` VALUES ('540', '262', '33', '4', '-3823.7440000000', 'USDT', '1', '0001904261305298841418', '用户下卖单', '2019-04-26 13:05:30', '2019-04-26 13:05:30');
INSERT INTO `account_entry` VALUES ('541', '262', '70', '4', '3823.7440000000', 'USDT', '2', '0001904261305298841418', '用户下卖单', '2019-04-26 13:05:30', '2019-04-26 13:05:30');
INSERT INTO `account_entry` VALUES ('542', '262', '33', '5', '3823.7440000000', 'USDT', '1', '0001904261305298841418', '用户撤销卖单', '2019-04-26 13:20:31', '2019-04-26 13:20:31');
INSERT INTO `account_entry` VALUES ('543', '262', '70', '5', '-3823.7440000000', 'USDT', '2', '0001904261305298841418', '用户撤销卖单', '2019-04-26 13:20:31', '2019-04-26 13:20:31');
INSERT INTO `account_entry` VALUES ('544', '133', '63', '1', '2000.0000000000', 'USDT', '1', '181904261332095003540', '资金划转', '2019-04-26 13:32:10', '2019-04-26 13:32:10');
INSERT INTO `account_entry` VALUES ('545', '133', '63', '4', '-2000.0000000000', 'USDT', '1', '0001904261332366671092', '用户下卖单', '2019-04-26 13:32:37', '2019-04-26 13:32:37');
INSERT INTO `account_entry` VALUES ('546', '133', '64', '4', '2000.0000000000', 'USDT', '2', '0001904261332366671092', '用户下卖单', '2019-04-26 13:32:37', '2019-04-26 13:32:37');
INSERT INTO `account_entry` VALUES ('547', '133', '63', '5', '2000.0000000000', 'USDT', '1', '0001904261332366671092', '用户撤销卖单', '2019-04-26 13:47:39', '2019-04-26 13:47:39');
INSERT INTO `account_entry` VALUES ('548', '133', '64', '5', '-2000.0000000000', 'USDT', '2', '0001904261332366671092', '用户撤销卖单', '2019-04-26 13:47:39', '2019-04-26 13:47:39');
INSERT INTO `account_entry` VALUES ('549', '133', '63', '4', '-2000.0000000000', 'USDT', '1', '0001904261349256185811', '用户下卖单', '2019-04-26 13:49:26', '2019-04-26 13:49:26');
INSERT INTO `account_entry` VALUES ('550', '133', '64', '4', '2000.0000000000', 'USDT', '2', '0001904261349256185811', '用户下卖单', '2019-04-26 13:49:26', '2019-04-26 13:49:26');
INSERT INTO `account_entry` VALUES ('551', '133', '63', '5', '2000.0000000000', 'USDT', '1', '0001904261349256185811', '用户撤销卖单', '2019-04-26 14:04:26', '2019-04-26 14:04:26');
INSERT INTO `account_entry` VALUES ('552', '133', '64', '5', '-2000.0000000000', 'USDT', '2', '0001904261349256185811', '用户撤销卖单', '2019-04-26 14:04:26', '2019-04-26 14:04:26');
INSERT INTO `account_entry` VALUES ('553', '133', '63', '4', '-2000.0000000000', 'USDT', '1', '0001904261421520915652', '用户下卖单', '2019-04-26 14:21:52', '2019-04-26 14:21:52');
INSERT INTO `account_entry` VALUES ('554', '133', '64', '4', '2000.0000000000', 'USDT', '2', '0001904261421520915652', '用户下卖单', '2019-04-26 14:21:52', '2019-04-26 14:21:52');
INSERT INTO `account_entry` VALUES ('555', '262', '33', '4', '-3823.7440000000', 'USDT', '1', '0001904261426082246072', '用户下卖单', '2019-04-26 14:26:08', '2019-04-26 14:26:08');
INSERT INTO `account_entry` VALUES ('556', '262', '70', '4', '3823.7440000000', 'USDT', '2', '0001904261426082246072', '用户下卖单', '2019-04-26 14:26:08', '2019-04-26 14:26:08');
INSERT INTO `account_entry` VALUES ('557', '133', '63', '5', '2000.0000000000', 'USDT', '1', '0001904261421520915652', '用户撤销卖单', '2019-04-26 14:36:53', '2019-04-26 14:36:53');
INSERT INTO `account_entry` VALUES ('558', '133', '64', '5', '-2000.0000000000', 'USDT', '2', '0001904261421520915652', '用户撤销卖单', '2019-04-26 14:36:53', '2019-04-26 14:36:53');
INSERT INTO `account_entry` VALUES ('559', '262', '33', '5', '3823.7440000000', 'USDT', '1', '0001904261426082246072', '用户撤销卖单', '2019-04-26 14:41:08', '2019-04-26 14:41:08');
INSERT INTO `account_entry` VALUES ('560', '262', '70', '5', '-3823.7440000000', 'USDT', '2', '0001904261426082246072', '用户撤销卖单', '2019-04-26 14:41:08', '2019-04-26 14:41:08');
INSERT INTO `account_entry` VALUES ('561', '133', '63', '4', '-2000.0000000000', 'USDT', '1', '0001904261444393431312', '用户下卖单', '2019-04-26 14:44:39', '2019-04-26 14:44:39');
INSERT INTO `account_entry` VALUES ('562', '133', '64', '4', '2000.0000000000', 'USDT', '2', '0001904261444393431312', '用户下卖单', '2019-04-26 14:44:39', '2019-04-26 14:44:39');
INSERT INTO `account_entry` VALUES ('563', '133', '63', '5', '2000.0000000000', 'USDT', '1', '0001904261444393431312', '用户撤销卖单', '2019-04-26 14:59:42', '2019-04-26 14:59:42');
INSERT INTO `account_entry` VALUES ('564', '133', '64', '5', '-2000.0000000000', 'USDT', '2', '0001904261444393431312', '用户撤销卖单', '2019-04-26 14:59:42', '2019-04-26 14:59:42');
INSERT INTO `account_entry` VALUES ('565', '133', '63', '4', '-2000.0000000000', 'USDT', '1', '0001904261513577060694', '用户下卖单', '2019-04-26 15:13:58', '2019-04-26 15:13:58');
INSERT INTO `account_entry` VALUES ('566', '133', '64', '4', '2000.0000000000', 'USDT', '2', '0001904261513577060694', '用户下卖单', '2019-04-26 15:13:58', '2019-04-26 15:13:58');
INSERT INTO `account_entry` VALUES ('567', '133', '63', '5', '2000.0000000000', 'USDT', '1', '0001904261513577060694', '用户撤销卖单', '2019-04-26 15:28:58', '2019-04-26 15:28:58');
INSERT INTO `account_entry` VALUES ('568', '133', '64', '5', '-2000.0000000000', 'USDT', '2', '0001904261513577060694', '用户撤销卖单', '2019-04-26 15:28:58', '2019-04-26 15:28:58');
INSERT INTO `account_entry` VALUES ('569', '133', '63', '1', '-2000.0000000000', 'USDT', '1', '181904261537497121972', '资金划转', '2019-04-26 15:37:50', '2019-04-26 15:37:50');
INSERT INTO `account_entry` VALUES ('570', '133', '63', '1', '2000.0000000000', 'USDT', '1', '181904261605260625958', '资金划转', '2019-04-26 16:05:26', '2019-04-26 16:05:26');
INSERT INTO `account_entry` VALUES ('571', '133', '63', '1', '12.0000000000', 'USDT', '1', '181904261606286621715', '资金划转', '2019-04-26 16:06:29', '2019-04-26 16:06:29');
INSERT INTO `account_entry` VALUES ('572', '133', '63', '4', '-2012.0000000000', 'USDT', '1', '0001904261606444836347', '用户下卖单', '2019-04-26 16:06:44', '2019-04-26 16:06:44');
INSERT INTO `account_entry` VALUES ('573', '133', '64', '4', '2012.0000000000', 'USDT', '2', '0001904261606444836347', '用户下卖单', '2019-04-26 16:06:44', '2019-04-26 16:06:44');
INSERT INTO `account_entry` VALUES ('574', '133', '63', '5', '2012.0000000000', 'USDT', '1', '0001904261606444836347', '用户撤销卖单', '2019-04-26 16:21:46', '2019-04-26 16:21:46');
INSERT INTO `account_entry` VALUES ('575', '133', '64', '5', '-2012.0000000000', 'USDT', '2', '0001904261606444836347', '用户撤销卖单', '2019-04-26 16:21:46', '2019-04-26 16:21:46');
INSERT INTO `account_entry` VALUES ('576', '539', '60', '1', '-7174.0000000000', 'USDT', '1', '181904261628568949696', '资金划转', '2019-04-26 16:28:57', '2019-04-26 16:28:57');
INSERT INTO `account_entry` VALUES ('577', '27', '21', '6', '-3000.0000000000', 'USDT', '2', '0001904261738597847681', '放币', '2019-04-26 17:45:13', '2019-04-26 17:45:13');
INSERT INTO `account_entry` VALUES ('578', '744', '69', '6', '3000.0000000000', 'USDT', '1', '0001904261738597847681', '放币', '2019-04-26 17:45:13', '2019-04-26 17:45:13');
INSERT INTO `account_entry` VALUES ('579', '744', '69', '1', '-3000.0000000000', 'USDT', '1', '181904261749519458693', '资金划转', '2019-04-26 17:49:52', '2019-04-26 17:49:52');
INSERT INTO `account_entry` VALUES ('580', '133', '63', '4', '-2000.0000000000', 'USDT', '1', '0001904261805183295758', '用户下卖单', '2019-04-26 18:05:18', '2019-04-26 18:05:18');
INSERT INTO `account_entry` VALUES ('581', '133', '64', '4', '2000.0000000000', 'USDT', '2', '0001904261805183295758', '用户下卖单', '2019-04-26 18:05:18', '2019-04-26 18:05:18');
INSERT INTO `account_entry` VALUES ('582', '133', '63', '5', '2000.0000000000', 'USDT', '1', '0001904261805183295758', '用户撤销卖单', '2019-04-26 18:20:20', '2019-04-26 18:20:20');
INSERT INTO `account_entry` VALUES ('583', '133', '64', '5', '-2000.0000000000', 'USDT', '2', '0001904261805183295758', '用户撤销卖单', '2019-04-26 18:20:20', '2019-04-26 18:20:20');
INSERT INTO `account_entry` VALUES ('584', '27', '21', '2', '3000.0000000000', 'USDT', '2', '20190426183429380700', '发布广告卖单', '2019-04-26 18:34:29', '2019-04-26 18:34:29');
INSERT INTO `account_entry` VALUES ('585', '27', '15', '2', '-3000.0000000000', 'USDT', '1', '20190426183429380700', '发布广告卖单', '2019-04-26 18:34:29', '2019-04-26 18:34:29');
INSERT INTO `account_entry` VALUES ('586', '27', '21', '6', '-3000.0000000000', 'USDT', '2', '0001904261845411950511', '放币', '2019-04-26 18:57:52', '2019-04-26 18:57:52');
INSERT INTO `account_entry` VALUES ('587', '785', '71', '6', '3000.0000000000', 'USDT', '1', '0001904261845411950511', '放币', '2019-04-26 18:57:52', '2019-04-26 18:57:52');
INSERT INTO `account_entry` VALUES ('588', '27', '21', '2', '11111.0000000000', 'USDT', '2', '20190426185837274617', '发布广告卖单', '2019-04-26 18:58:37', '2019-04-26 18:58:37');
INSERT INTO `account_entry` VALUES ('589', '27', '15', '2', '-11111.0000000000', 'USDT', '1', '20190426185837274617', '发布广告卖单', '2019-04-26 18:58:37', '2019-04-26 18:58:37');
INSERT INTO `account_entry` VALUES ('590', '27', '21', '6', '-5000.0000000000', 'USDT', '2', '0001904261901355731705', '放币', '2019-04-26 19:11:11', '2019-04-26 19:11:11');
INSERT INTO `account_entry` VALUES ('591', '785', '71', '6', '5000.0000000000', 'USDT', '1', '0001904261901355731705', '放币', '2019-04-26 19:11:11', '2019-04-26 19:11:11');
INSERT INTO `account_entry` VALUES ('592', '785', '71', '1', '-8000.0000000000', 'USDT', '1', '181904261912468062172', '资金划转', '2019-04-26 19:12:47', '2019-04-26 19:12:47');
INSERT INTO `account_entry` VALUES ('593', '27', '21', '3', '-3000.0000000000', 'USDT', '2', '20190426085456139462', '撤销广告卖单', '2019-04-26 21:00:08', '2019-04-26 21:00:08');
INSERT INTO `account_entry` VALUES ('594', '27', '15', '3', '3000.0000000000', 'USDT', '1', '20190426085456139462', '撤销广告卖单', '2019-04-26 21:00:08', '2019-04-26 21:00:08');
INSERT INTO `account_entry` VALUES ('595', '27', '21', '3', '-6111.0000000000', 'USDT', '2', '20190426185837274617', '撤销广告卖单', '2019-04-26 21:00:14', '2019-04-26 21:00:14');
INSERT INTO `account_entry` VALUES ('596', '27', '15', '3', '6111.0000000000', 'USDT', '1', '20190426185837274617', '撤销广告卖单', '2019-04-26 21:00:14', '2019-04-26 21:00:14');
INSERT INTO `account_entry` VALUES ('597', '133', '63', '1', '-2012.0000000000', 'USDT', '1', '181904262101257330096', '资金划转', '2019-04-26 21:01:26', '2019-04-26 21:01:26');
INSERT INTO `account_entry` VALUES ('598', '22', '18', '3', '-243.0454000000', 'USDT', '2', '20190425092250754857', '撤销广告卖单', '2019-04-26 21:01:44', '2019-04-26 21:01:44');
INSERT INTO `account_entry` VALUES ('599', '22', '17', '3', '243.0454000000', 'USDT', '1', '20190425092250754857', '撤销广告卖单', '2019-04-26 21:01:44', '2019-04-26 21:01:44');
INSERT INTO `account_entry` VALUES ('600', '22', '18', '3', '-14.5985000000', 'USDT', '2', '20190425090739523190', '撤销广告卖单', '2019-04-26 21:01:50', '2019-04-26 21:01:50');
INSERT INTO `account_entry` VALUES ('601', '22', '17', '3', '14.5985000000', 'USDT', '1', '20190425090739523190', '撤销广告卖单', '2019-04-26 21:01:50', '2019-04-26 21:01:50');
INSERT INTO `account_entry` VALUES ('602', '27', '21', '2', '11111.0000000000', 'USDT', '2', '20190427085535338276', '发布广告卖单', '2019-04-27 08:55:35', '2019-04-27 08:55:35');
INSERT INTO `account_entry` VALUES ('603', '27', '15', '2', '-11111.0000000000', 'USDT', '1', '20190427085535338276', '发布广告卖单', '2019-04-27 08:55:35', '2019-04-27 08:55:35');
INSERT INTO `account_entry` VALUES ('604', '27', '21', '2', '11111.0000000000', 'USDT', '2', '20190427085631549540', '发布广告卖单', '2019-04-27 08:56:32', '2019-04-27 08:56:32');
INSERT INTO `account_entry` VALUES ('605', '27', '15', '2', '-11111.0000000000', 'USDT', '1', '20190427085631549540', '发布广告卖单', '2019-04-27 08:56:32', '2019-04-27 08:56:32');
INSERT INTO `account_entry` VALUES ('606', '22', '18', '2', '5000.0000000000', 'USDT', '2', '20190427090315190165', '发布广告卖单', '2019-04-27 09:03:15', '2019-04-27 09:03:15');
INSERT INTO `account_entry` VALUES ('607', '22', '17', '2', '-5000.0000000000', 'USDT', '1', '20190427090315190165', '发布广告卖单', '2019-04-27 09:03:15', '2019-04-27 09:03:15');
INSERT INTO `account_entry` VALUES ('608', '22', '18', '2', '6000.0000000000', 'USDT', '2', '20190427090404452373', '发布广告卖单', '2019-04-27 09:04:04', '2019-04-27 09:04:04');
INSERT INTO `account_entry` VALUES ('609', '22', '17', '2', '-6000.0000000000', 'USDT', '1', '20190427090404452373', '发布广告卖单', '2019-04-27 09:04:04', '2019-04-27 09:04:04');
INSERT INTO `account_entry` VALUES ('610', '22', '18', '6', '-5000.0000000000', 'USDT', '2', '0001904271002068220827', '放币', '2019-04-27 10:07:07', '2019-04-27 10:07:07');
INSERT INTO `account_entry` VALUES ('611', '744', '69', '6', '5000.0000000000', 'USDT', '1', '0001904271002068220827', '放币', '2019-04-27 10:07:07', '2019-04-27 10:07:07');
INSERT INTO `account_entry` VALUES ('612', '744', '69', '1', '-5000.0000000000', 'USDT', '1', '181904271007283761435', '资金划转', '2019-04-27 10:07:28', '2019-04-27 10:07:28');
INSERT INTO `account_entry` VALUES ('613', '133', '63', '1', '2024.0000000000', 'USDT', '1', '181904271031334081085', '资金划转', '2019-04-27 10:31:33', '2019-04-27 10:31:33');
INSERT INTO `account_entry` VALUES ('614', '133', '63', '4', '-2024.0000000000', 'USDT', '1', '0001904271031505909971', '用户下卖单', '2019-04-27 10:31:51', '2019-04-27 10:31:51');
INSERT INTO `account_entry` VALUES ('615', '133', '64', '4', '2024.0000000000', 'USDT', '2', '0001904271031505909971', '用户下卖单', '2019-04-27 10:31:51', '2019-04-27 10:31:51');
INSERT INTO `account_entry` VALUES ('616', '133', '63', '5', '2024.0000000000', 'USDT', '1', '0001904271031505909971', '用户撤销卖单', '2019-04-27 10:46:53', '2019-04-27 10:46:53');
INSERT INTO `account_entry` VALUES ('617', '133', '64', '5', '-2024.0000000000', 'USDT', '2', '0001904271031505909971', '用户撤销卖单', '2019-04-27 10:46:53', '2019-04-27 10:46:53');
INSERT INTO `account_entry` VALUES ('618', '133', '63', '4', '-2024.0000000000', 'USDT', '1', '0001904271049001860932', '用户下卖单', '2019-04-27 10:49:00', '2019-04-27 10:49:00');
INSERT INTO `account_entry` VALUES ('619', '133', '64', '4', '2024.0000000000', 'USDT', '2', '0001904271049001860932', '用户下卖单', '2019-04-27 10:49:00', '2019-04-27 10:49:00');
INSERT INTO `account_entry` VALUES ('620', '133', '63', '5', '2024.0000000000', 'USDT', '1', '0001904271049001860932', '用户撤销卖单', '2019-04-27 11:04:01', '2019-04-27 11:04:01');
INSERT INTO `account_entry` VALUES ('621', '133', '64', '5', '-2024.0000000000', 'USDT', '2', '0001904271049001860932', '用户撤销卖单', '2019-04-27 11:04:01', '2019-04-27 11:04:01');
INSERT INTO `account_entry` VALUES ('622', '133', '63', '1', '-2024.0000000000', 'USDT', '1', '181904271110478722030', '资金划转', '2019-04-27 11:10:48', '2019-04-27 11:10:48');
INSERT INTO `account_entry` VALUES ('623', '133', '63', '1', '2024.0000000000', 'USDT', '1', '181904271145415490569', '资金划转', '2019-04-27 11:45:42', '2019-04-27 11:45:42');
INSERT INTO `account_entry` VALUES ('624', '27', '21', '6', '-1474.9263000000', 'USDT', '2', '0001904271154411032208', '放币', '2019-04-27 11:59:05', '2019-04-27 11:59:05');
INSERT INTO `account_entry` VALUES ('625', '668', '65', '6', '1474.9263000000', 'USDT', '1', '0001904271154411032208', '放币', '2019-04-27 11:59:05', '2019-04-27 11:59:05');
INSERT INTO `account_entry` VALUES ('626', '668', '65', '1', '-1474.9263000000', 'USDT', '1', '181904271204013138936', '资金划转', '2019-04-27 12:04:01', '2019-04-27 12:04:01');
INSERT INTO `account_entry` VALUES ('627', '262', '33', '4', '-3823.7440000000', 'USDT', '1', '0001904271309251597392', '用户下卖单', '2019-04-27 13:09:25', '2019-04-27 13:09:25');
INSERT INTO `account_entry` VALUES ('628', '262', '70', '4', '3823.7440000000', 'USDT', '2', '0001904271309251597392', '用户下卖单', '2019-04-27 13:09:25', '2019-04-27 13:09:25');
INSERT INTO `account_entry` VALUES ('629', '262', '33', '5', '3823.7440000000', 'USDT', '1', '0001904271309251597392', '用户撤销卖单', '2019-04-27 13:24:27', '2019-04-27 13:24:27');
INSERT INTO `account_entry` VALUES ('630', '262', '70', '5', '-3823.7440000000', 'USDT', '2', '0001904271309251597392', '用户撤销卖单', '2019-04-27 13:24:27', '2019-04-27 13:24:27');
INSERT INTO `account_entry` VALUES ('631', '262', '33', '4', '-3823.7440000000', 'USDT', '1', '0001904271421542479648', '用户下卖单', '2019-04-27 14:21:54', '2019-04-27 14:21:54');
INSERT INTO `account_entry` VALUES ('632', '262', '70', '4', '3823.7440000000', 'USDT', '2', '0001904271421542479648', '用户下卖单', '2019-04-27 14:21:54', '2019-04-27 14:21:54');
INSERT INTO `account_entry` VALUES ('633', '262', '33', '5', '3823.7440000000', 'USDT', '1', '0001904271421542479648', '用户撤销卖单', '2019-04-27 14:36:56', '2019-04-27 14:36:56');
INSERT INTO `account_entry` VALUES ('634', '262', '70', '5', '-3823.7440000000', 'USDT', '2', '0001904271421542479648', '用户撤销卖单', '2019-04-27 14:36:56', '2019-04-27 14:36:56');
INSERT INTO `account_entry` VALUES ('635', '133', '63', '4', '-1998.0000000000', 'USDT', '1', '0001904271439060167148', '用户下卖单', '2019-04-27 14:39:06', '2019-04-27 14:39:06');
INSERT INTO `account_entry` VALUES ('636', '133', '64', '4', '1998.0000000000', 'USDT', '2', '0001904271439060167148', '用户下卖单', '2019-04-27 14:39:06', '2019-04-27 14:39:06');
INSERT INTO `account_entry` VALUES ('637', '262', '33', '4', '-3823.7440000000', 'USDT', '1', '0001904271442307603566', '用户下卖单', '2019-04-27 14:42:31', '2019-04-27 14:42:31');
INSERT INTO `account_entry` VALUES ('638', '262', '70', '4', '3823.7440000000', 'USDT', '2', '0001904271442307603566', '用户下卖单', '2019-04-27 14:42:31', '2019-04-27 14:42:31');
INSERT INTO `account_entry` VALUES ('639', '262', '70', '6', '-3823.7440000000', 'USDT', '2', '0001904271442307603566', '放币', '2019-04-27 14:51:34', '2019-04-27 14:51:34');
INSERT INTO `account_entry` VALUES ('640', '25', '32', '6', '3823.7440000000', 'USDT', '1', '0001904271442307603566', '放币', '2019-04-27 14:51:34', '2019-04-27 14:51:34');
INSERT INTO `account_entry` VALUES ('641', '133', '63', '5', '1998.0000000000', 'USDT', '1', '0001904271439060167148', '用户撤销卖单', '2019-04-27 14:54:09', '2019-04-27 14:54:09');
INSERT INTO `account_entry` VALUES ('642', '133', '64', '5', '-1998.0000000000', 'USDT', '2', '0001904271439060167148', '用户撤销卖单', '2019-04-27 14:54:09', '2019-04-27 14:54:09');
INSERT INTO `account_entry` VALUES ('643', '133', '63', '4', '-2000.0000000000', 'USDT', '1', '0001904271457271484983', '用户下卖单', '2019-04-27 14:57:27', '2019-04-27 14:57:27');
INSERT INTO `account_entry` VALUES ('644', '133', '64', '4', '2000.0000000000', 'USDT', '2', '0001904271457271484983', '用户下卖单', '2019-04-27 14:57:27', '2019-04-27 14:57:27');
INSERT INTO `account_entry` VALUES ('645', '133', '64', '6', '-2000.0000000000', 'USDT', '2', '0001904271457271484983', '放币', '2019-04-27 15:14:35', '2019-04-27 15:14:35');
INSERT INTO `account_entry` VALUES ('646', '23', '25', '6', '2000.0000000000', 'USDT', '1', '0001904271457271484983', '放币', '2019-04-27 15:14:35', '2019-04-27 15:14:35');
INSERT INTO `account_entry` VALUES ('647', '22', '18', '6', '-970.0000000000', 'USDT', '2', '0001904271607154580760', '放币', '2019-04-27 19:04:03', '2019-04-27 19:04:03');
INSERT INTO `account_entry` VALUES ('648', '366', '34', '6', '970.0000000000', 'USDT', '1', '0001904271607154580760', '放币', '2019-04-27 19:04:03', '2019-04-27 19:04:03');
INSERT INTO `account_entry` VALUES ('649', '366', '34', '1', '-970.0000000000', 'USDT', '1', '181904272014387014968', '资金划转', '2019-04-27 20:14:39', '2019-04-27 20:14:39');
INSERT INTO `account_entry` VALUES ('650', '27', '21', '3', '-11111.0000000000', 'USDT', '2', '20190427085535338276', '撤销广告卖单', '2019-04-27 21:13:00', '2019-04-27 21:13:00');
INSERT INTO `account_entry` VALUES ('651', '27', '15', '3', '11111.0000000000', 'USDT', '1', '20190427085535338276', '撤销广告卖单', '2019-04-27 21:13:00', '2019-04-27 21:13:00');
INSERT INTO `account_entry` VALUES ('652', '27', '21', '3', '-9636.0737000000', 'USDT', '2', '20190427085631549540', '撤销广告卖单', '2019-04-27 21:13:16', '2019-04-27 21:13:16');
INSERT INTO `account_entry` VALUES ('653', '27', '15', '3', '9636.0737000000', 'USDT', '1', '20190427085631549540', '撤销广告卖单', '2019-04-27 21:13:16', '2019-04-27 21:13:16');
INSERT INTO `account_entry` VALUES ('654', '22', '18', '3', '-5000.0000000000', 'USDT', '2', '20190427090315190165', '撤销广告卖单', '2019-04-27 21:15:08', '2019-04-27 21:15:08');
INSERT INTO `account_entry` VALUES ('655', '22', '17', '3', '5000.0000000000', 'USDT', '1', '20190427090315190165', '撤销广告卖单', '2019-04-27 21:15:08', '2019-04-27 21:15:08');
INSERT INTO `account_entry` VALUES ('656', '22', '18', '3', '-30.0000000000', 'USDT', '2', '20190427090404452373', '撤销广告卖单', '2019-04-27 21:15:15', '2019-04-27 21:15:15');
INSERT INTO `account_entry` VALUES ('657', '22', '17', '3', '30.0000000000', 'USDT', '1', '20190427090404452373', '撤销广告卖单', '2019-04-27 21:15:15', '2019-04-27 21:15:15');
INSERT INTO `account_entry` VALUES ('658', '27', '21', '2', '11111.0000000000', 'USDT', '2', '20190428084945898212', '发布广告卖单', '2019-04-28 08:49:46', '2019-04-28 08:49:46');
INSERT INTO `account_entry` VALUES ('659', '27', '15', '2', '-11111.0000000000', 'USDT', '1', '20190428084945898212', '发布广告卖单', '2019-04-28 08:49:46', '2019-04-28 08:49:46');
INSERT INTO `account_entry` VALUES ('660', '27', '21', '2', '11111.0000000000', 'USDT', '2', '20190428085012419335', '发布广告卖单', '2019-04-28 08:50:12', '2019-04-28 08:50:12');
INSERT INTO `account_entry` VALUES ('661', '27', '15', '2', '-11111.0000000000', 'USDT', '1', '20190428085012419335', '发布广告卖单', '2019-04-28 08:50:12', '2019-04-28 08:50:12');
INSERT INTO `account_entry` VALUES ('662', '22', '18', '2', '12121.0000000000', 'USDT', '2', '20190428090252029508', '发布广告卖单', '2019-04-28 09:02:52', '2019-04-28 09:02:52');
INSERT INTO `account_entry` VALUES ('663', '22', '17', '2', '-12121.0000000000', 'USDT', '1', '20190428090252029508', '发布广告卖单', '2019-04-28 09:02:52', '2019-04-28 09:02:52');
INSERT INTO `account_entry` VALUES ('664', '22', '18', '2', '21212.0000000000', 'USDT', '2', '20190428090320076952', '发布广告卖单', '2019-04-28 09:03:20', '2019-04-28 09:03:20');
INSERT INTO `account_entry` VALUES ('665', '22', '17', '2', '-21212.0000000000', 'USDT', '1', '20190428090320076952', '发布广告卖单', '2019-04-28 09:03:20', '2019-04-28 09:03:20');
INSERT INTO `account_entry` VALUES ('666', '27', '21', '6', '-2000.0000000000', 'USDT', '2', '0001904281012577074936', '放币', '2019-04-28 10:27:39', '2019-04-28 10:27:39');
INSERT INTO `account_entry` VALUES ('667', '225', '40', '6', '2000.0000000000', 'USDT', '1', '0001904281012577074936', '放币', '2019-04-28 10:27:39', '2019-04-28 10:27:39');
INSERT INTO `account_entry` VALUES ('668', '225', '40', '1', '-2000.0000000000', 'USDT', '1', '181904281054183421977', '资金划转', '2019-04-28 10:54:18', '2019-04-28 10:54:18');
INSERT INTO `account_entry` VALUES ('669', '539', '60', '1', '4000.0000000000', 'USDT', '1', '181904281420108026891', '资金划转', '2019-04-28 14:20:11', '2019-04-28 14:20:11');
INSERT INTO `account_entry` VALUES ('670', '539', '60', '4', '-4000.0000000000', 'USDT', '1', '0001904281420320581961', '用户下卖单', '2019-04-28 14:20:32', '2019-04-28 14:20:32');
INSERT INTO `account_entry` VALUES ('671', '539', '62', '4', '4000.0000000000', 'USDT', '2', '0001904281420320581961', '用户下卖单', '2019-04-28 14:20:32', '2019-04-28 14:20:32');
INSERT INTO `account_entry` VALUES ('672', '539', '60', '5', '4000.0000000000', 'USDT', '1', '0001904281420320581961', '用户撤销卖单', '2019-04-28 14:35:33', '2019-04-28 14:35:33');
INSERT INTO `account_entry` VALUES ('673', '539', '62', '5', '-4000.0000000000', 'USDT', '2', '0001904281420320581961', '用户撤销卖单', '2019-04-28 14:35:33', '2019-04-28 14:35:33');
INSERT INTO `account_entry` VALUES ('674', '539', '60', '4', '-4000.0000000000', 'USDT', '1', '0001904281443033714275', '用户下卖单', '2019-04-28 14:43:03', '2019-04-28 14:43:03');
INSERT INTO `account_entry` VALUES ('675', '539', '62', '4', '4000.0000000000', 'USDT', '2', '0001904281443033714275', '用户下卖单', '2019-04-28 14:43:03', '2019-04-28 14:43:03');
INSERT INTO `account_entry` VALUES ('676', '539', '60', '5', '4000.0000000000', 'USDT', '1', '0001904281443033714275', '用户撤销卖单', '2019-04-28 14:58:03', '2019-04-28 14:58:03');
INSERT INTO `account_entry` VALUES ('677', '539', '62', '5', '-4000.0000000000', 'USDT', '2', '0001904281443033714275', '用户撤销卖单', '2019-04-28 14:58:03', '2019-04-28 14:58:03');
INSERT INTO `account_entry` VALUES ('678', '539', '60', '1', '-4000.0000000000', 'USDT', '1', '181904281539251471488', '资金划转', '2019-04-28 15:39:25', '2019-04-28 15:39:25');
INSERT INTO `account_entry` VALUES ('679', '27', '21', '3', '-11111.0000000000', 'USDT', '2', '20190428084945898212', '撤销广告卖单', '2019-04-28 21:12:19', '2019-04-28 21:12:19');
INSERT INTO `account_entry` VALUES ('680', '27', '15', '3', '11111.0000000000', 'USDT', '1', '20190428084945898212', '撤销广告卖单', '2019-04-28 21:12:19', '2019-04-28 21:12:19');
INSERT INTO `account_entry` VALUES ('681', '27', '21', '3', '-9111.0000000000', 'USDT', '2', '20190428085012419335', '撤销广告卖单', '2019-04-28 21:12:25', '2019-04-28 21:12:25');
INSERT INTO `account_entry` VALUES ('682', '27', '15', '3', '9111.0000000000', 'USDT', '1', '20190428085012419335', '撤销广告卖单', '2019-04-28 21:12:25', '2019-04-28 21:12:25');
INSERT INTO `account_entry` VALUES ('683', '241', '72', '1', '1.0000000000', 'USDT', '1', '181904282135586444577', '资金划转', '2019-04-28 21:35:59', '2019-04-28 21:35:59');
INSERT INTO `account_entry` VALUES ('684', '241', '72', '1', '-1.0000000000', 'USDT', '1', '181904282138557186324', '资金划转', '2019-04-28 21:38:56', '2019-04-28 21:38:56');
INSERT INTO `account_entry` VALUES ('685', '27', '21', '2', '11111.0000000000', 'USDT', '2', '20190429084750557041', '发布广告卖单', '2019-04-29 08:47:51', '2019-04-29 08:47:51');
INSERT INTO `account_entry` VALUES ('686', '27', '15', '2', '-11111.0000000000', 'USDT', '1', '20190429084750557041', '发布广告卖单', '2019-04-29 08:47:51', '2019-04-29 08:47:51');
INSERT INTO `account_entry` VALUES ('687', '27', '21', '2', '11111.0000000000', 'USDT', '2', '20190429084821998945', '发布广告卖单', '2019-04-29 08:48:22', '2019-04-29 08:48:22');
INSERT INTO `account_entry` VALUES ('688', '27', '15', '2', '-11111.0000000000', 'USDT', '1', '20190429084821998945', '发布广告卖单', '2019-04-29 08:48:22', '2019-04-29 08:48:22');
INSERT INTO `account_entry` VALUES ('689', '539', '60', '1', '4000.0000000000', 'USDT', '1', '181904290916205548588', '资金划转', '2019-04-29 09:16:21', '2019-04-29 09:16:21');
INSERT INTO `account_entry` VALUES ('690', '539', '60', '4', '-4000.0000000000', 'USDT', '1', '0001904290916397660219', '用户下卖单', '2019-04-29 09:16:40', '2019-04-29 09:16:40');
INSERT INTO `account_entry` VALUES ('691', '539', '62', '4', '4000.0000000000', 'USDT', '2', '0001904290916397660219', '用户下卖单', '2019-04-29 09:16:40', '2019-04-29 09:16:40');
INSERT INTO `account_entry` VALUES ('692', '539', '60', '5', '4000.0000000000', 'USDT', '1', '0001904290916397660219', '用户撤销卖单', '2019-04-29 09:31:41', '2019-04-29 09:31:41');
INSERT INTO `account_entry` VALUES ('693', '539', '62', '5', '-4000.0000000000', 'USDT', '2', '0001904290916397660219', '用户撤销卖单', '2019-04-29 09:31:41', '2019-04-29 09:31:41');
INSERT INTO `account_entry` VALUES ('694', '133', '63', '1', '2000.0000000000', 'USDT', '1', '181904291041242290540', '资金划转', '2019-04-29 10:41:24', '2019-04-29 10:41:24');
INSERT INTO `account_entry` VALUES ('695', '133', '63', '4', '-2024.0000000000', 'USDT', '1', '0001904291042499200710', '用户下卖单', '2019-04-29 10:42:50', '2019-04-29 10:42:50');
INSERT INTO `account_entry` VALUES ('696', '133', '64', '4', '2024.0000000000', 'USDT', '2', '0001904291042499200710', '用户下卖单', '2019-04-29 10:42:50', '2019-04-29 10:42:50');
INSERT INTO `account_entry` VALUES ('697', '133', '63', '5', '2024.0000000000', 'USDT', '1', '0001904291042499200710', '用户撤销卖单', '2019-04-29 10:57:51', '2019-04-29 10:57:51');
INSERT INTO `account_entry` VALUES ('698', '133', '64', '5', '-2024.0000000000', 'USDT', '2', '0001904291042499200710', '用户撤销卖单', '2019-04-29 10:57:51', '2019-04-29 10:57:51');
INSERT INTO `account_entry` VALUES ('699', '712', '55', '1', '300.0000000000', 'USDT', '1', '181904291130096619774', '资金划转', '2019-04-29 11:30:10', '2019-04-29 11:30:10');
INSERT INTO `account_entry` VALUES ('700', '712', '55', '1', '-300.0000000000', 'USDT', '1', '181904291146158276666', '资金划转', '2019-04-29 11:46:16', '2019-04-29 11:46:16');
INSERT INTO `account_entry` VALUES ('701', '133', '63', '4', '-2024.0000000000', 'USDT', '1', '0001904291303250907008', '用户下卖单', '2019-04-29 13:03:25', '2019-04-29 13:03:25');
INSERT INTO `account_entry` VALUES ('702', '133', '64', '4', '2024.0000000000', 'USDT', '2', '0001904291303250907008', '用户下卖单', '2019-04-29 13:03:25', '2019-04-29 13:03:25');
INSERT INTO `account_entry` VALUES ('703', '133', '63', '5', '2024.0000000000', 'USDT', '1', '0001904291303250907008', '用户撤销卖单', '2019-04-29 13:18:26', '2019-04-29 13:18:26');
INSERT INTO `account_entry` VALUES ('704', '133', '64', '5', '-2024.0000000000', 'USDT', '2', '0001904291303250907008', '用户撤销卖单', '2019-04-29 13:18:26', '2019-04-29 13:18:26');
INSERT INTO `account_entry` VALUES ('705', '133', '63', '4', '-2024.0000000000', 'USDT', '1', '0001904291322261290931', '用户下卖单', '2019-04-29 13:22:26', '2019-04-29 13:22:26');
INSERT INTO `account_entry` VALUES ('706', '133', '64', '4', '2024.0000000000', 'USDT', '2', '0001904291322261290931', '用户下卖单', '2019-04-29 13:22:26', '2019-04-29 13:22:26');
INSERT INTO `account_entry` VALUES ('707', '133', '63', '5', '2024.0000000000', 'USDT', '1', '0001904291322261290931', '用户撤销卖单', '2019-04-29 13:37:26', '2019-04-29 13:37:26');
INSERT INTO `account_entry` VALUES ('708', '133', '64', '5', '-2024.0000000000', 'USDT', '2', '0001904291322261290931', '用户撤销卖单', '2019-04-29 13:37:26', '2019-04-29 13:37:26');
INSERT INTO `account_entry` VALUES ('709', '133', '63', '1', '-2024.0000000000', 'USDT', '1', '181904291536362377468', '资金划转', '2019-04-29 15:36:36', '2019-04-29 15:36:36');
INSERT INTO `account_entry` VALUES ('710', '133', '63', '1', '2000.0000000000', 'USDT', '1', '181904291633437086911', '资金划转', '2019-04-29 16:33:44', '2019-04-29 16:33:44');
INSERT INTO `account_entry` VALUES ('711', '133', '63', '1', '-2000.0000000000', 'USDT', '1', '181904291635188588525', '资金划转', '2019-04-29 16:35:19', '2019-04-29 16:35:19');
INSERT INTO `account_entry` VALUES ('712', '133', '63', '1', '2000.0000000000', 'USDT', '1', '181904291730312312995', '资金划转', '2019-04-29 17:30:31', '2019-04-29 17:30:31');
INSERT INTO `account_entry` VALUES ('713', '133', '63', '1', '-2000.0000000000', 'USDT', '1', '181904292108401594507', '资金划转', '2019-04-29 21:08:40', '2019-04-29 21:08:40');
INSERT INTO `account_entry` VALUES ('714', '539', '60', '1', '-4000.0000000000', 'USDT', '1', '181904300015118354462', '资金划转', '2019-04-30 00:15:12', '2019-04-30 00:15:12');
INSERT INTO `account_entry` VALUES ('715', '133', '63', '1', '2000.0000000000', 'USDT', '1', '181904300945063381391', '资金划转', '2019-04-30 09:45:06', '2019-04-30 09:45:06');
INSERT INTO `account_entry` VALUES ('716', '133', '63', '4', '-2000.0000000000', 'USDT', '1', '0001904301311050616110', '用户下卖单', '2019-04-30 13:11:05', '2019-04-30 13:11:05');
INSERT INTO `account_entry` VALUES ('717', '133', '64', '4', '2000.0000000000', 'USDT', '2', '0001904301311050616110', '用户下卖单', '2019-04-30 13:11:05', '2019-04-30 13:11:05');
INSERT INTO `account_entry` VALUES ('718', '133', '63', '5', '2000.0000000000', 'USDT', '1', '0001904301311050616110', '用户撤销卖单', '2019-04-30 13:26:07', '2019-04-30 13:26:07');
INSERT INTO `account_entry` VALUES ('719', '133', '64', '5', '-2000.0000000000', 'USDT', '2', '0001904301311050616110', '用户撤销卖单', '2019-04-30 13:26:07', '2019-04-30 13:26:07');
INSERT INTO `account_entry` VALUES ('720', '133', '63', '4', '-2000.0000000000', 'USDT', '1', '0001904301332559080445', '用户下卖单', '2019-04-30 13:32:56', '2019-04-30 13:32:56');
INSERT INTO `account_entry` VALUES ('721', '133', '64', '4', '2000.0000000000', 'USDT', '2', '0001904301332559080445', '用户下卖单', '2019-04-30 13:32:56', '2019-04-30 13:32:56');
INSERT INTO `account_entry` VALUES ('722', '133', '63', '5', '2000.0000000000', 'USDT', '1', '0001904301332559080445', '用户撤销卖单', '2019-04-30 13:47:59', '2019-04-30 13:47:59');
INSERT INTO `account_entry` VALUES ('723', '133', '64', '5', '-2000.0000000000', 'USDT', '2', '0001904301332559080445', '用户撤销卖单', '2019-04-30 13:47:59', '2019-04-30 13:47:59');
INSERT INTO `account_entry` VALUES ('724', '133', '63', '4', '-2000.0000000000', 'USDT', '1', '0001904301406169039641', '用户下卖单', '2019-04-30 14:06:17', '2019-04-30 14:06:17');
INSERT INTO `account_entry` VALUES ('725', '133', '64', '4', '2000.0000000000', 'USDT', '2', '0001904301406169039641', '用户下卖单', '2019-04-30 14:06:17', '2019-04-30 14:06:17');
INSERT INTO `account_entry` VALUES ('726', '133', '63', '5', '2000.0000000000', 'USDT', '1', '0001904301406169039641', '用户撤销卖单', '2019-04-30 14:21:19', '2019-04-30 14:21:19');
INSERT INTO `account_entry` VALUES ('727', '133', '64', '5', '-2000.0000000000', 'USDT', '2', '0001904301406169039641', '用户撤销卖单', '2019-04-30 14:21:19', '2019-04-30 14:21:19');
INSERT INTO `account_entry` VALUES ('728', '133', '63', '4', '-2000.0000000000', 'USDT', '1', '0001904301645126706868', '用户下卖单', '2019-04-30 16:45:13', '2019-04-30 16:45:13');
INSERT INTO `account_entry` VALUES ('729', '133', '64', '4', '2000.0000000000', 'USDT', '2', '0001904301645126706868', '用户下卖单', '2019-04-30 16:45:13', '2019-04-30 16:45:13');
INSERT INTO `account_entry` VALUES ('730', '133', '63', '5', '2000.0000000000', 'USDT', '1', '0001904301645126706868', '用户撤销卖单', '2019-04-30 17:00:15', '2019-04-30 17:00:15');
INSERT INTO `account_entry` VALUES ('731', '133', '64', '5', '-2000.0000000000', 'USDT', '2', '0001904301645126706868', '用户撤销卖单', '2019-04-30 17:00:15', '2019-04-30 17:00:15');
INSERT INTO `account_entry` VALUES ('732', '496', '26', '1', '3899.7000000000', 'USDT', '1', '181904301803387359422', '资金划转', '2019-04-30 18:03:39', '2019-04-30 18:03:39');
INSERT INTO `account_entry` VALUES ('733', '496', '26', '1', '-3899.7000000000', 'USDT', '1', '181904301804538087310', '资金划转', '2019-04-30 18:04:54', '2019-04-30 18:04:54');
INSERT INTO `account_entry` VALUES ('734', '133', '63', '1', '-2000.0000000000', 'USDT', '1', '181904301844202323848', '资金划转', '2019-04-30 18:44:20', '2019-04-30 18:44:20');
INSERT INTO `account_entry` VALUES ('735', '22', '18', '3', '-12121.0000000000', 'USDT', '2', '20190428090252029508', '撤销广告卖单', '2019-04-30 21:11:34', '2019-04-30 21:11:34');
INSERT INTO `account_entry` VALUES ('736', '22', '17', '3', '12121.0000000000', 'USDT', '1', '20190428090252029508', '撤销广告卖单', '2019-04-30 21:11:34', '2019-04-30 21:11:34');
INSERT INTO `account_entry` VALUES ('737', '22', '18', '3', '-21212.0000000000', 'USDT', '2', '20190428090320076952', '撤销广告卖单', '2019-04-30 21:11:44', '2019-04-30 21:11:44');
INSERT INTO `account_entry` VALUES ('738', '22', '17', '3', '21212.0000000000', 'USDT', '1', '20190428090320076952', '撤销广告卖单', '2019-04-30 21:11:44', '2019-04-30 21:11:44');
INSERT INTO `account_entry` VALUES ('739', '22', '18', '2', '10000.0000000000', 'USDT', '2', '20190505085804526568', '发布广告卖单', '2019-05-05 08:58:05', '2019-05-05 08:58:05');
INSERT INTO `account_entry` VALUES ('740', '22', '17', '2', '-10000.0000000000', 'USDT', '1', '20190505085804526568', '发布广告卖单', '2019-05-05 08:58:05', '2019-05-05 08:58:05');
INSERT INTO `account_entry` VALUES ('741', '22', '18', '2', '10000.0000000000', 'USDT', '2', '20190505085931371505', '发布广告卖单', '2019-05-05 08:59:31', '2019-05-05 08:59:31');
INSERT INTO `account_entry` VALUES ('742', '22', '17', '2', '-10000.0000000000', 'USDT', '1', '20190505085931371505', '发布广告卖单', '2019-05-05 08:59:31', '2019-05-05 08:59:31');
INSERT INTO `account_entry` VALUES ('743', '502', '73', '1', '1904.0000000000', 'USDT', '1', '181905050903005981309', '资金划转', '2019-05-05 09:03:01', '2019-05-05 09:03:01');
INSERT INTO `account_entry` VALUES ('744', '502', '73', '1', '-1904.0000000000', 'USDT', '1', '181905050909299049975', '资金划转', '2019-05-05 09:09:30', '2019-05-05 09:09:30');
INSERT INTO `account_entry` VALUES ('745', '133', '63', '1', '2000.0000000000', 'USDT', '1', '181905051218011429184', '资金划转', '2019-05-05 12:18:01', '2019-05-05 12:18:01');
INSERT INTO `account_entry` VALUES ('746', '133', '63', '4', '-2000.0000000000', 'USDT', '1', '0001905051218174053754', '用户下卖单', '2019-05-05 12:18:17', '2019-05-05 12:18:17');
INSERT INTO `account_entry` VALUES ('747', '133', '64', '4', '2000.0000000000', 'USDT', '2', '0001905051218174053754', '用户下卖单', '2019-05-05 12:18:17', '2019-05-05 12:18:17');
INSERT INTO `account_entry` VALUES ('748', '133', '63', '5', '2000.0000000000', 'USDT', '1', '0001905051218174053754', '用户撤销卖单', '2019-05-05 12:33:18', '2019-05-05 12:33:18');
INSERT INTO `account_entry` VALUES ('749', '133', '64', '5', '-2000.0000000000', 'USDT', '2', '0001905051218174053754', '用户撤销卖单', '2019-05-05 12:33:18', '2019-05-05 12:33:18');
INSERT INTO `account_entry` VALUES ('750', '133', '63', '1', '-2000.0000000000', 'USDT', '1', '181905051253302529523', '资金划转', '2019-05-05 12:53:30', '2019-05-05 12:53:30');
INSERT INTO `account_entry` VALUES ('751', '27', '21', '6', '-11111.0000000000', 'USDT', '2', '0001905051531466571714', '放币', '2019-05-05 15:38:21', '2019-05-05 15:38:21');
INSERT INTO `account_entry` VALUES ('752', '785', '71', '6', '11111.0000000000', 'USDT', '1', '0001905051531466571714', '放币', '2019-05-05 15:38:21', '2019-05-05 15:38:21');
INSERT INTO `account_entry` VALUES ('753', '27', '21', '2', '9999.0000000000', 'USDT', '2', '20190505154000980761', '发布广告卖单', '2019-05-05 15:40:01', '2019-05-05 15:40:01');
INSERT INTO `account_entry` VALUES ('754', '27', '15', '2', '-9999.0000000000', 'USDT', '1', '20190505154000980761', '发布广告卖单', '2019-05-05 15:40:01', '2019-05-05 15:40:01');
INSERT INTO `account_entry` VALUES ('755', '27', '21', '6', '-7407.0000000000', 'USDT', '2', '0001905051804219543769', '放币', '2019-05-05 18:12:21', '2019-05-05 18:12:21');
INSERT INTO `account_entry` VALUES ('756', '785', '71', '6', '7407.0000000000', 'USDT', '1', '0001905051804219543769', '放币', '2019-05-05 18:12:21', '2019-05-05 18:12:21');
INSERT INTO `account_entry` VALUES ('757', '785', '71', '1', '-18518.0000000000', 'USDT', '1', '181905051814470437022', '资金划转', '2019-05-05 18:14:47', '2019-05-05 18:14:47');
INSERT INTO `account_entry` VALUES ('758', '27', '21', '3', '-9999.0000000000', 'USDT', '2', '20190505154000980761', '撤销广告卖单', '2019-05-05 20:59:53', '2019-05-05 20:59:53');
INSERT INTO `account_entry` VALUES ('759', '27', '15', '3', '9999.0000000000', 'USDT', '1', '20190505154000980761', '撤销广告卖单', '2019-05-05 20:59:53', '2019-05-05 20:59:53');
INSERT INTO `account_entry` VALUES ('760', '27', '21', '3', '-3704.0000000000', 'USDT', '2', '20190429084750557041', '撤销广告卖单', '2019-05-05 21:00:04', '2019-05-05 21:00:04');
INSERT INTO `account_entry` VALUES ('761', '27', '15', '3', '3704.0000000000', 'USDT', '1', '20190429084750557041', '撤销广告卖单', '2019-05-05 21:00:04', '2019-05-05 21:00:04');
INSERT INTO `account_entry` VALUES ('762', '27', '21', '2', '9999.0000000000', 'USDT', '2', '20190506082740190116', '发布广告卖单', '2019-05-06 08:27:40', '2019-05-06 08:27:40');
INSERT INTO `account_entry` VALUES ('763', '27', '15', '2', '-9999.0000000000', 'USDT', '1', '20190506082740190116', '发布广告卖单', '2019-05-06 08:27:40', '2019-05-06 08:27:40');
INSERT INTO `account_entry` VALUES ('764', '27', '21', '2', '9999.0000000000', 'USDT', '2', '20190506082806506360', '发布广告卖单', '2019-05-06 08:28:07', '2019-05-06 08:28:07');
INSERT INTO `account_entry` VALUES ('765', '27', '15', '2', '-9999.0000000000', 'USDT', '1', '20190506082806506360', '发布广告卖单', '2019-05-06 08:28:07', '2019-05-06 08:28:07');
INSERT INTO `account_entry` VALUES ('766', '27', '21', '6', '-1497.0060000000', 'USDT', '2', '0001905070915526762730', '放币', '2019-05-07 09:22:41', '2019-05-07 09:22:41');
INSERT INTO `account_entry` VALUES ('767', '842', '74', '6', '1497.0060000000', 'USDT', '1', '0001905070915526762730', '放币', '2019-05-07 09:22:41', '2019-05-07 09:22:41');
INSERT INTO `account_entry` VALUES ('768', '842', '74', '1', '-1497.0060000000', 'USDT', '1', '181905070923361428984', '资金划转', '2019-05-07 09:23:36', '2019-05-07 09:23:36');
INSERT INTO `account_entry` VALUES ('769', '27', '21', '6', '-500.0000000000', 'USDT', '2', '0001905071618183579886', '放币', '2019-05-07 16:26:41', '2019-05-07 16:26:41');
INSERT INTO `account_entry` VALUES ('770', '626', '75', '6', '500.0000000000', 'USDT', '1', '0001905071618183579886', '放币', '2019-05-07 16:26:41', '2019-05-07 16:26:41');
INSERT INTO `account_entry` VALUES ('771', '626', '75', '1', '-500.0000000000', 'USDT', '1', '181905071628169252558', '资金划转', '2019-05-07 16:28:17', '2019-05-07 16:28:17');
INSERT INTO `account_entry` VALUES ('772', '27', '21', '3', '-8501.9940000000', 'USDT', '2', '20190506082806506360', '撤销广告卖单', '2019-05-07 21:08:34', '2019-05-07 21:08:34');
INSERT INTO `account_entry` VALUES ('773', '27', '15', '3', '8501.9940000000', 'USDT', '1', '20190506082806506360', '撤销广告卖单', '2019-05-07 21:08:34', '2019-05-07 21:08:34');
INSERT INTO `account_entry` VALUES ('774', '27', '21', '3', '-9499.0000000000', 'USDT', '2', '20190506082740190116', '撤销广告卖单', '2019-05-07 21:08:37', '2019-05-07 21:08:37');
INSERT INTO `account_entry` VALUES ('775', '27', '15', '3', '9499.0000000000', 'USDT', '1', '20190506082740190116', '撤销广告卖单', '2019-05-07 21:08:37', '2019-05-07 21:08:37');
INSERT INTO `account_entry` VALUES ('776', '27', '21', '2', '9999.0000000000', 'USDT', '2', '20190508085820748488', '发布广告卖单', '2019-05-08 08:58:21', '2019-05-08 08:58:21');
INSERT INTO `account_entry` VALUES ('777', '27', '15', '2', '-9999.0000000000', 'USDT', '1', '20190508085820748488', '发布广告卖单', '2019-05-08 08:58:21', '2019-05-08 08:58:21');
INSERT INTO `account_entry` VALUES ('778', '27', '21', '2', '9999.0000000000', 'USDT', '2', '20190508085852286110', '发布广告卖单', '2019-05-08 08:58:52', '2019-05-08 08:58:52');
INSERT INTO `account_entry` VALUES ('779', '27', '15', '2', '-9999.0000000000', 'USDT', '1', '20190508085852286110', '发布广告卖单', '2019-05-08 08:58:52', '2019-05-08 08:58:52');
INSERT INTO `account_entry` VALUES ('780', '22', '18', '6', '-1500.0000000000', 'USDT', '2', '0001905080918036478124', '放币', '2019-05-08 09:33:10', '2019-05-08 09:33:10');
INSERT INTO `account_entry` VALUES ('781', '358', '76', '6', '1500.0000000000', 'USDT', '1', '0001905080918036478124', '放币', '2019-05-08 09:33:10', '2019-05-08 09:33:10');
INSERT INTO `account_entry` VALUES ('782', '22', '18', '6', '-2900.0000000000', 'USDT', '2', '0001905080944257954560', '放币', '2019-05-08 09:51:29', '2019-05-08 09:51:29');
INSERT INTO `account_entry` VALUES ('783', '529', '77', '6', '2900.0000000000', 'USDT', '1', '0001905080944257954560', '放币', '2019-05-08 09:51:29', '2019-05-08 09:51:29');
INSERT INTO `account_entry` VALUES ('784', '358', '76', '1', '-1500.0000000000', 'USDT', '1', '181905081335222932273', '资金划转', '2019-05-08 13:35:22', '2019-05-08 13:35:22');
INSERT INTO `account_entry` VALUES ('785', '529', '77', '1', '-2900.0000000000', 'USDT', '1', '181905081335487156118', '资金划转', '2019-05-08 13:35:49', '2019-05-08 13:35:49');
INSERT INTO `account_entry` VALUES ('786', '22', '18', '6', '-2933.0000000000', 'USDT', '2', '0001905081727419171654', '放币', '2019-05-08 17:33:49', '2019-05-08 17:33:49');
INSERT INTO `account_entry` VALUES ('787', '668', '65', '6', '2933.0000000000', 'USDT', '1', '0001905081727419171654', '放币', '2019-05-08 17:33:49', '2019-05-08 17:33:49');
INSERT INTO `account_entry` VALUES ('788', '668', '65', '1', '-2933.0000000000', 'USDT', '1', '181905081735198125185', '资金划转', '2019-05-08 17:35:20', '2019-05-08 17:35:20');
INSERT INTO `account_entry` VALUES ('789', '22', '18', '6', '-300.0000000000', 'USDT', '2', '0001905081800468638142', '放币', '2019-05-08 18:15:55', '2019-05-08 18:15:55');
INSERT INTO `account_entry` VALUES ('790', '370', '66', '6', '300.0000000000', 'USDT', '1', '0001905081800468638142', '放币', '2019-05-08 18:15:55', '2019-05-08 18:15:55');
INSERT INTO `account_entry` VALUES ('791', '370', '66', '1', '-300.0000000000', 'USDT', '1', '181905081817416723387', '资金划转', '2019-05-08 18:17:42', '2019-05-08 18:17:42');
INSERT INTO `account_entry` VALUES ('792', '22', '18', '3', '-7067.0000000000', 'USDT', '2', '20190505085804526568', '撤销广告卖单', '2019-05-08 20:59:45', '2019-05-08 20:59:45');
INSERT INTO `account_entry` VALUES ('793', '22', '17', '3', '7067.0000000000', 'USDT', '1', '20190505085804526568', '撤销广告卖单', '2019-05-08 20:59:45', '2019-05-08 20:59:45');
INSERT INTO `account_entry` VALUES ('794', '22', '18', '3', '-5300.0000000000', 'USDT', '2', '20190505085931371505', '撤销广告卖单', '2019-05-08 20:59:50', '2019-05-08 20:59:50');
INSERT INTO `account_entry` VALUES ('795', '22', '17', '3', '5300.0000000000', 'USDT', '1', '20190505085931371505', '撤销广告卖单', '2019-05-08 20:59:50', '2019-05-08 20:59:50');
INSERT INTO `account_entry` VALUES ('796', '22', '18', '2', '10000.0000000000', 'USDT', '2', '20190509090920586426', '发布广告卖单', '2019-05-09 09:09:21', '2019-05-09 09:09:21');
INSERT INTO `account_entry` VALUES ('797', '22', '17', '2', '-10000.0000000000', 'USDT', '1', '20190509090920586426', '发布广告卖单', '2019-05-09 09:09:21', '2019-05-09 09:09:21');
INSERT INTO `account_entry` VALUES ('798', '22', '18', '2', '10000.0000000000', 'USDT', '2', '20190509090940863032', '发布广告卖单', '2019-05-09 09:09:41', '2019-05-09 09:09:41');
INSERT INTO `account_entry` VALUES ('799', '22', '17', '2', '-10000.0000000000', 'USDT', '1', '20190509090940863032', '发布广告卖单', '2019-05-09 09:09:41', '2019-05-09 09:09:41');
INSERT INTO `account_entry` VALUES ('800', '27', '21', '6', '-1464.6627000000', 'USDT', '2', '0001905090951233692145', '放币', '2019-05-09 09:55:20', '2019-05-09 09:55:20');
INSERT INTO `account_entry` VALUES ('801', '397', '78', '6', '1464.6627000000', 'USDT', '1', '0001905090951233692145', '放币', '2019-05-09 09:55:20', '2019-05-09 09:55:20');
INSERT INTO `account_entry` VALUES ('802', '397', '78', '1', '-1464.6627000000', 'USDT', '1', '181905090958155098502', '资金划转', '2019-05-09 09:58:16', '2019-05-09 09:58:16');
INSERT INTO `account_entry` VALUES ('803', '27', '21', '6', '-5865.1026000000', 'USDT', '2', '0001905091009158374388', '放币', '2019-05-09 10:12:39', '2019-05-09 10:12:39');
INSERT INTO `account_entry` VALUES ('804', '397', '78', '6', '5865.1026000000', 'USDT', '1', '0001905091009158374388', '放币', '2019-05-09 10:12:39', '2019-05-09 10:12:39');
INSERT INTO `account_entry` VALUES ('805', '397', '78', '1', '-5865.1026000000', 'USDT', '1', '181905091016204211529', '资金划转', '2019-05-09 10:16:20', '2019-05-09 10:16:20');
INSERT INTO `account_entry` VALUES ('806', '27', '21', '6', '-400.0000000000', 'USDT', '2', '0001905091041064185008', '放币', '2019-05-09 11:11:59', '2019-05-09 11:11:59');
INSERT INTO `account_entry` VALUES ('807', '855', '79', '6', '400.0000000000', 'USDT', '1', '0001905091041064185008', '放币', '2019-05-09 11:11:59', '2019-05-09 11:11:59');
INSERT INTO `account_entry` VALUES ('808', '855', '79', '1', '-400.0000000000', 'USDT', '1', '181905091123072165963', '资金划转', '2019-05-09 11:23:07', '2019-05-09 11:23:07');
INSERT INTO `account_entry` VALUES ('809', '27', '21', '6', '-1000.0000000000', 'USDT', '2', '0001905091204142209405', '放币', '2019-05-09 12:07:20', '2019-05-09 12:07:20');
INSERT INTO `account_entry` VALUES ('810', '225', '40', '6', '1000.0000000000', 'USDT', '1', '0001905091204142209405', '放币', '2019-05-09 12:07:20', '2019-05-09 12:07:20');
INSERT INTO `account_entry` VALUES ('811', '225', '40', '1', '-1000.0000000000', 'USDT', '1', '181905091213452711027', '资金划转', '2019-05-09 12:13:45', '2019-05-09 12:13:45');
INSERT INTO `account_entry` VALUES ('812', '27', '21', '6', '-5988.0000000000', 'USDT', '2', '0001905091308415765029', '放币', '2019-05-09 13:22:11', '2019-05-09 13:22:11');
INSERT INTO `account_entry` VALUES ('813', '49', '35', '6', '5988.0000000000', 'USDT', '1', '0001905091308415765029', '放币', '2019-05-09 13:22:11', '2019-05-09 13:22:11');
INSERT INTO `account_entry` VALUES ('814', '49', '35', '1', '-5988.0000000000', 'USDT', '1', '181905091323226451517', '资金划转', '2019-05-09 13:23:23', '2019-05-09 13:23:23');
INSERT INTO `account_entry` VALUES ('815', '27', '21', '3', '-1269.2347000000', 'USDT', '2', '20190508085852286110', '撤销广告卖单', '2019-05-09 16:18:07', '2019-05-09 16:18:07');
INSERT INTO `account_entry` VALUES ('816', '27', '15', '3', '1269.2347000000', 'USDT', '1', '20190508085852286110', '撤销广告卖单', '2019-05-09 16:18:07', '2019-05-09 16:18:07');
INSERT INTO `account_entry` VALUES ('817', '27', '21', '3', '-4011.0000000000', 'USDT', '2', '20190508085820748488', '撤销广告卖单', '2019-05-09 16:18:12', '2019-05-09 16:18:12');
INSERT INTO `account_entry` VALUES ('818', '27', '15', '3', '4011.0000000000', 'USDT', '1', '20190508085820748488', '撤销广告卖单', '2019-05-09 16:18:12', '2019-05-09 16:18:12');
INSERT INTO `account_entry` VALUES ('819', '5', '8', '1', '6000.0000000000', 'USDT', '1', '181905101445013475121', '资金划转', '2019-05-10 14:45:02', '2019-05-10 14:45:02');
INSERT INTO `account_entry` VALUES ('820', '5', '8', '17', '-5000.0000000000', 'USDT', '1', 'FC6D4164066F44C592DC-1557470822895', '商家申请锁仓', '2019-05-10 14:47:03', '2019-05-10 14:47:03');
INSERT INTO `account_entry` VALUES ('821', '5', '80', '17', '5000.0000000000', 'USDT', '3', 'FC6D4164066F44C592DC-1557470822895', '商家申请锁仓', '2019-05-10 14:47:03', '2019-05-10 14:47:03');
INSERT INTO `account_entry` VALUES ('822', '5', '81', '2', '10.0000000000', 'USDT', '2', '20190510144750599183', '发布广告卖单', '2019-05-10 14:47:51', '2019-05-10 14:47:51');
INSERT INTO `account_entry` VALUES ('823', '5', '8', '2', '-10.0000000000', 'USDT', '1', '20190510144750599183', '发布广告卖单', '2019-05-10 14:47:51', '2019-05-10 14:47:51');
INSERT INTO `account_entry` VALUES ('824', '5', '81', '6', '-1.0000000000', 'USDT', '2', '0001905101449112468059', '放币', '2019-05-10 14:49:38', '2019-05-10 14:49:38');
INSERT INTO `account_entry` VALUES ('825', '3', '3', '6', '1.0000000000', 'USDT', '1', '0001905101449112468059', '放币', '2019-05-10 14:49:38', '2019-05-10 14:49:38');
INSERT INTO `account_entry` VALUES ('826', '3', '3', '4', '-1.0000000000', 'USDT', '1', '0001905101450019697056', '用户下卖单', '2019-05-10 14:50:02', '2019-05-10 14:50:02');
INSERT INTO `account_entry` VALUES ('827', '3', '6', '4', '1.0000000000', 'USDT', '2', '0001905101450019697056', '用户下卖单', '2019-05-10 14:50:02', '2019-05-10 14:50:02');
INSERT INTO `account_entry` VALUES ('828', '3', '6', '6', '-1.0000000000', 'USDT', '2', '0001905101450019697056', '放币', '2019-05-10 14:50:44', '2019-05-10 14:50:44');
INSERT INTO `account_entry` VALUES ('829', '5', '8', '6', '1.0000000000', 'USDT', '1', '0001905101450019697056', '放币', '2019-05-10 14:50:44', '2019-05-10 14:50:44');
INSERT INTO `account_entry` VALUES ('830', '5', '81', '20', '-9.0000000000', 'USDT', '2', '20190510144750599183', '广告超过15天,已过期', '2019-05-25 14:51:09', '2019-05-25 14:51:09');
INSERT INTO `account_entry` VALUES ('831', '5', '8', '20', '9.0000000000', 'USDT', '1', '20190510144750599183', '广告超过15天,已过期', '2019-05-25 14:51:09', '2019-05-25 14:51:09');
INSERT INTO `account_entry` VALUES ('832', '5', '81', '2', '999.0000000000', 'USDT', '2', '20190528142842097890', '发布广告卖单', '2019-05-28 14:28:42', '2019-05-28 14:28:42');
INSERT INTO `account_entry` VALUES ('833', '5', '8', '2', '-999.0000000000', 'USDT', '1', '20190528142842097890', '发布广告卖单', '2019-05-28 14:28:42', '2019-05-28 14:28:42');
INSERT INTO `account_entry` VALUES ('834', '5', '81', '6', '-10.0000000000', 'USDT', '2', '0001905281429415441743', '放币', '2019-05-28 14:30:53', '2019-05-28 14:30:53');
INSERT INTO `account_entry` VALUES ('835', '3', '3', '6', '10.0000000000', 'USDT', '1', '0001905281429415441743', '放币', '2019-05-28 14:30:53', '2019-05-28 14:30:53');
INSERT INTO `account_entry` VALUES ('836', '5', '8', '1', '-1.0000000000', 'USDT', '1', '181906101038253478219', '资金划转', '2019-06-10 10:38:25', '2019-06-10 10:38:25');
INSERT INTO `account_entry` VALUES ('837', '5', '81', '3', '-989.0000000000', 'USDT', '2', '20190528142842097890', '撤销广告卖单', '2019-06-10 10:38:54', '2019-06-10 10:38:54');
INSERT INTO `account_entry` VALUES ('838', '5', '8', '3', '989.0000000000', 'USDT', '1', '20190528142842097890', '撤销广告卖单', '2019-06-10 10:38:54', '2019-06-10 10:38:54');
INSERT INTO `account_entry` VALUES ('839', '5', '8', '1', '-5.0000000000', 'USDT', '1', '181906101039043381796', '资金划转', '2019-06-10 10:39:04', '2019-06-10 10:39:04');
INSERT INTO `account_entry` VALUES ('840', '5', '8', '1', '6.0000000000', 'USDT', '1', '181906101039178545700', '资金划转', '2019-06-10 10:39:18', '2019-06-10 10:39:18');
INSERT INTO `account_entry` VALUES ('841', '5', '8', '1', '-10.0000000000', 'USDT', '1', '181906101040107307145', '资金划转', '2019-06-10 10:40:11', '2019-06-10 10:40:11');
INSERT INTO `account_entry` VALUES ('842', '5', '8', '1', '5.0000000000', 'USDT', '1', '181906101040246798901', '资金划转', '2019-06-10 10:40:26', '2019-06-10 10:40:26');
INSERT INTO `account_entry` VALUES ('843', '865', '82', '1', '6000.0000000000', 'USDT', '1', '16147', '资金划转', '2019-06-17 14:04:43', '2019-06-17 14:04:43');
INSERT INTO `account_entry` VALUES ('844', '865', '82', '17', '-5000.0000000000', 'USDT', '1', '5E1E22385D964C46A722-1560751588509', '商家申请锁仓', '2019-06-17 14:06:29', '2019-06-17 14:06:29');
INSERT INTO `account_entry` VALUES ('845', '865', '83', '17', '5000.0000000000', 'USDT', '3', '5E1E22385D964C46A722-1560751588509', '商家申请锁仓', '2019-06-17 14:06:29', '2019-06-17 14:06:29');
INSERT INTO `account_entry` VALUES ('846', '865', '84', '2', '10.0000000000', 'USDT', '2', '20190617141107965242', '发布广告卖单', '2019-06-17 14:11:08', '2019-06-17 14:11:08');
INSERT INTO `account_entry` VALUES ('847', '865', '82', '2', '-10.0000000000', 'USDT', '1', '20190617141107965242', '发布广告卖单', '2019-06-17 14:11:08', '2019-06-17 14:11:08');
INSERT INTO `account_entry` VALUES ('848', '865', '84', '2', '10.0000000000', 'USDT', '2', '20190617145328825351', '发布广告卖单', '2019-06-17 14:53:29', '2019-06-17 14:53:29');
INSERT INTO `account_entry` VALUES ('849', '865', '82', '2', '-10.0000000000', 'USDT', '1', '20190617145328825351', '发布广告卖单', '2019-06-17 14:53:29', '2019-06-17 14:53:29');
INSERT INTO `account_entry` VALUES ('850', '867', '85', '1', '6000.0000000000', 'USDT', '1', '16150', '资金划转', '2019-06-17 17:11:07', '2019-06-17 17:11:07');
INSERT INTO `account_entry` VALUES ('851', '867', '85', '17', '-5000.0000000000', 'USDT', '1', 'D9E6DF420000402E9849-1560762710957', '商家申请锁仓', '2019-06-17 17:11:51', '2019-06-17 17:11:51');
INSERT INTO `account_entry` VALUES ('852', '867', '86', '17', '5000.0000000000', 'USDT', '3', 'D9E6DF420000402E9849-1560762710957', '商家申请锁仓', '2019-06-17 17:11:51', '2019-06-17 17:11:51');
INSERT INTO `account_entry` VALUES ('853', '867', '87', '2', '100.0000000000', 'USDT', '2', '20190617171244177995', '发布广告卖单', '2019-06-17 17:12:44', '2019-06-17 17:12:44');
INSERT INTO `account_entry` VALUES ('854', '867', '85', '2', '-100.0000000000', 'USDT', '1', '20190617171244177995', '发布广告卖单', '2019-06-17 17:12:44', '2019-06-17 17:12:44');
INSERT INTO `account_entry` VALUES ('855', '866', '88', '16', '1.0000000000', 'USDT', '1', '0001906171706498482015', '申诉可用账户增加', '2019-06-17 17:13:33', '2019-06-17 17:13:33');
INSERT INTO `account_entry` VALUES ('856', '865', '84', '15', '-1.0000000000', 'USDT', '2', '0001906171706498482015', '申诉冻结账户减少', '2019-06-17 17:13:33', '2019-06-17 17:13:33');
INSERT INTO `account_entry` VALUES ('857', '866', '88', '16', '1.0000000000', 'USDT', '1', '0001906171714140557879', '申诉可用账户增加', '2019-06-17 17:18:57', '2019-06-17 17:18:57');
INSERT INTO `account_entry` VALUES ('858', '865', '84', '15', '-1.0000000000', 'USDT', '2', '0001906171714140557879', '申诉冻结账户减少', '2019-06-17 17:18:57', '2019-06-17 17:18:57');
INSERT INTO `account_entry` VALUES ('859', '867', '87', '6', '-1.0000000000', 'USDT', '2', '0001906171720439458146', '放币', '2019-06-17 17:21:56', '2019-06-17 17:21:56');
INSERT INTO `account_entry` VALUES ('860', '866', '88', '6', '1.0000000000', 'USDT', '1', '0001906171720439458146', '放币', '2019-06-17 17:21:56', '2019-06-17 17:21:56');
INSERT INTO `account_entry` VALUES ('861', '867', '87', '2', '10.0000000000', 'USDT', '2', '20190617173227198172', '发布广告卖单', '2019-06-17 17:32:27', '2019-06-17 17:32:27');
INSERT INTO `account_entry` VALUES ('862', '867', '85', '2', '-10.0000000000', 'USDT', '1', '20190617173227198172', '发布广告卖单', '2019-06-17 17:32:27', '2019-06-17 17:32:27');
INSERT INTO `account_entry` VALUES ('863', '867', '87', '6', '-1.0000000000', 'USDT', '2', '0001906171732487532836', '放币', '2019-06-17 17:33:19', '2019-06-17 17:33:19');
INSERT INTO `account_entry` VALUES ('864', '866', '88', '6', '1.0000000000', 'USDT', '1', '0001906171732487532836', '放币', '2019-06-17 17:33:19', '2019-06-17 17:33:19');
INSERT INTO `account_entry` VALUES ('865', '868', '89', '1', '6000.0000000000', 'USDT', '1', '16154', '资金划转', '2019-06-17 18:12:58', '2019-06-17 18:12:58');
INSERT INTO `account_entry` VALUES ('866', '868', '89', '17', '-5000.0000000000', 'USDT', '1', '28E46774846D40109D3F-1560766414794', '商家申请锁仓', '2019-06-17 18:13:35', '2019-06-17 18:13:35');
INSERT INTO `account_entry` VALUES ('867', '868', '90', '17', '5000.0000000000', 'USDT', '3', '28E46774846D40109D3F-1560766414794', '商家申请锁仓', '2019-06-17 18:13:35', '2019-06-17 18:13:35');
INSERT INTO `account_entry` VALUES ('868', '868', '91', '2', '10.0000000000', 'USDT', '2', '20190617181417267481', '发布广告卖单', '2019-06-17 18:14:17', '2019-06-17 18:14:17');
INSERT INTO `account_entry` VALUES ('869', '868', '89', '2', '-10.0000000000', 'USDT', '1', '20190617181417267481', '发布广告卖单', '2019-06-17 18:14:17', '2019-06-17 18:14:17');
INSERT INTO `account_entry` VALUES ('870', '875', '92', '16', '2.0000000000', 'USDT', '1', '0001906191146061613461', '申诉可用账户增加', '2019-06-19 11:47:01', '2019-06-19 11:47:01');
INSERT INTO `account_entry` VALUES ('871', '867', '87', '15', '-2.0000000000', 'USDT', '2', '0001906191146061613461', '申诉冻结账户减少', '2019-06-19 11:47:01', '2019-06-19 11:47:01');
INSERT INTO `account_entry` VALUES ('872', '875', '92', '1', '-1.5000000000', 'USDT', '1', '241', '资金划转', '2019-06-19 11:53:20', '2019-06-19 11:53:20');
INSERT INTO `account_entry` VALUES ('873', '3', '3', '1', '-0.2000000000', 'USDT', '1', '242', '资金划转', '2019-06-19 16:04:44', '2019-06-19 16:04:44');
INSERT INTO `account_entry` VALUES ('874', '3', '3', '1', '0.5000000000', 'USDT', '1', '16441', '资金划转', '2019-06-19 16:04:53', '2019-06-19 16:04:53');
INSERT INTO `account_entry` VALUES ('875', '875', '92', '1', '-0.0100000000', 'USDT', '1', '244', '资金划转', '2019-06-19 18:28:42', '2019-06-19 18:28:42');
INSERT INTO `account_entry` VALUES ('876', '875', '92', '1', '-0.0100000000', 'USDT', '1', '245', '资金划转', '2019-06-19 18:39:18', '2019-06-19 18:39:18');
INSERT INTO `account_entry` VALUES ('877', '875', '92', '1', '-0.0010000000', 'USDT', '1', '246', '资金划转', '2019-06-19 18:39:44', '2019-06-19 18:39:44');
INSERT INTO `account_entry` VALUES ('878', '875', '92', '1', '0.0200000000', 'USDT', '1', '16460', '资金划转', '2019-06-19 18:52:42', '2019-06-19 18:52:42');
INSERT INTO `account_entry` VALUES ('879', '875', '92', '1', '0.0200000000', 'USDT', '1', '16461', '资金划转', '2019-06-19 18:54:39', '2019-06-19 18:54:39');
INSERT INTO `account_entry` VALUES ('880', '875', '92', '1', '0.1000000000', 'USDT', '1', '16462', '资金划转', '2019-06-19 18:56:31', '2019-06-19 18:56:31');
INSERT INTO `account_entry` VALUES ('881', '875', '92', '1', '5.0000000000', 'USDT', '1', '16463', '资金划转', '2019-06-19 19:00:42', '2019-06-19 19:00:42');
INSERT INTO `account_entry` VALUES ('882', '875', '92', '1', '-0.6000000000', 'USDT', '1', '251', '资金划转', '2019-06-20 11:30:35', '2019-06-20 11:30:35');
INSERT INTO `account_entry` VALUES ('883', '875', '92', '1', '-0.0190000000', 'USDT', '1', '252', '资金划转', '2019-06-20 11:31:47', '2019-06-20 11:31:47');
INSERT INTO `account_entry` VALUES ('884', '875', '92', '1', '-1.0000000000', 'USDT', '1', '253', '资金划转', '2019-06-20 11:49:01', '2019-06-20 11:49:01');
INSERT INTO `account_entry` VALUES ('885', '875', '92', '1', '5.0000000000', 'USDT', '1', '16479', '资金划转', '2019-06-20 11:52:58', '2019-06-20 11:52:58');
INSERT INTO `account_entry` VALUES ('886', '875', '92', '1', '-1.2000000000', 'USDT', '1', '255', '资金划转', '2019-06-20 14:13:30', '2019-06-20 14:13:30');
INSERT INTO `account_entry` VALUES ('887', '875', '92', '1', '1.0000000000', 'USDT', '1', '16481', '资金划转', '2019-06-20 15:11:58', '2019-06-20 15:11:58');
INSERT INTO `account_entry` VALUES ('888', '875', '92', '1', '1.3000000000', 'USDT', '1', '16482', '资金划转', '2019-06-20 15:32:51', '2019-06-20 15:32:51');
INSERT INTO `account_entry` VALUES ('889', '875', '92', '1', '1.3000000000', 'USDT', '1', '16483', '资金划转', '2019-06-20 15:33:06', '2019-06-20 15:33:06');
INSERT INTO `account_entry` VALUES ('890', '875', '92', '1', '-1.1000000000', 'USDT', '1', '259', '资金划转', '2019-06-20 15:41:02', '2019-06-20 15:41:02');
INSERT INTO `account_entry` VALUES ('891', '875', '92', '1', '2.0000000000', 'USDT', '1', '16485', '资金划转', '2019-06-20 15:41:12', '2019-06-20 15:41:12');
INSERT INTO `account_entry` VALUES ('892', '875', '92', '1', '-4.5000000000', 'USDT', '1', '261', '资金划转', '2019-06-20 15:48:53', '2019-06-20 15:48:53');
INSERT INTO `account_entry` VALUES ('893', '865', '84', '20', '-9.0000000000', 'USDT', '2', '20190617141107965242', '广告超过15天,已过期', '2019-07-02 14:12:41', '2019-07-02 14:12:41');
INSERT INTO `account_entry` VALUES ('894', '865', '82', '20', '9.0000000000', 'USDT', '1', '20190617141107965242', '广告超过15天,已过期', '2019-07-02 14:12:41', '2019-07-02 14:12:41');
INSERT INTO `account_entry` VALUES ('895', '865', '84', '20', '-9.0000000000', 'USDT', '2', '20190617145328825351', '广告超过15天,已过期', '2019-07-02 14:57:41', '2019-07-02 14:57:41');
INSERT INTO `account_entry` VALUES ('896', '865', '82', '20', '9.0000000000', 'USDT', '1', '20190617145328825351', '广告超过15天,已过期', '2019-07-02 14:57:41', '2019-07-02 14:57:41');
INSERT INTO `account_entry` VALUES ('897', '867', '87', '20', '-99.0000000000', 'USDT', '2', '20190617171244177995', '广告超过15天,已过期', '2019-07-02 17:13:44', '2019-07-02 17:13:44');
INSERT INTO `account_entry` VALUES ('898', '867', '85', '20', '99.0000000000', 'USDT', '1', '20190617171244177995', '广告超过15天,已过期', '2019-07-02 17:13:44', '2019-07-02 17:13:44');
INSERT INTO `account_entry` VALUES ('899', '867', '87', '20', '-7.0000000000', 'USDT', '2', '20190617173227198172', '广告超过15天,已过期', '2019-07-02 17:33:44', '2019-07-02 17:33:44');
INSERT INTO `account_entry` VALUES ('900', '867', '85', '20', '7.0000000000', 'USDT', '1', '20190617173227198172', '广告超过15天,已过期', '2019-07-02 17:33:44', '2019-07-02 17:33:44');
INSERT INTO `account_entry` VALUES ('901', '868', '91', '20', '-10.0000000000', 'USDT', '2', '20190617181417267481', '广告超过15天,已过期', '2019-07-02 18:18:44', '2019-07-02 18:18:44');
INSERT INTO `account_entry` VALUES ('902', '868', '89', '20', '10.0000000000', 'USDT', '1', '20190617181417267481', '广告超过15天,已过期', '2019-07-02 18:18:44', '2019-07-02 18:18:44');

-- ----------------------------
-- Table structure for coin
-- ----------------------------
DROP TABLE IF EXISTS `coin`;
CREATE TABLE `coin` (
  `id` int(11) unsigned NOT NULL AUTO_INCREMENT,
  `name` varchar(50) NOT NULL DEFAULT '' COMMENT '英文简称',
  `type` tinyint(2) NOT NULL COMMENT '币种类型(1:人民币, 2:兑换币, 3:比特币, 4:比特币代币, 5:以太坊, 6:以太坊代币)',
  `title` varchar(50) NOT NULL DEFAULT '' COMMENT '中文名称',
  `img` varchar(100) NOT NULL DEFAULT '' COMMENT '图标',
  `sort` int(11) unsigned NOT NULL DEFAULT '0',
  `fee_bili` varchar(50) NOT NULL DEFAULT '' COMMENT '挂单比例,%只能挂单当前账户的多少',
  `create_time` datetime DEFAULT NULL COMMENT '',
  `update_time` datetime DEFAULT NULL,
  `status` int(4) unsigned DEFAULT '0' COMMENT '状态，1：可用，0：禁止',
  `wallet_server_ip` varchar(200) DEFAULT '' COMMENT '钱包服务器ip ',
  `wallet_server_port` varchar(200) DEFAULT '' COMMENT '钱包服务器端口',
  `wallet_server_user` varchar(200) DEFAULT '' COMMENT '钱包服务器用户',
  `wallet_server_pwd` varchar(200) DEFAULT '' COMMENT '钱包服务器密码',
  `wallet_main_address` varchar(255) DEFAULT NULL COMMENT '钱包主账号地址(USDT、以太坊、以太坊代币必填)',
  `wallet_main_password` varchar(255) DEFAULT NULL COMMENT '钱包主账号密码或加密密码(以太坊、以太坊代币必填，如果比特币、泰达币等钱包进行了加密也必填)',
  `roll_in_give` decimal(20,8) DEFAULT '0.00000000' COMMENT '转入赠送(单位：%)',
  `roll_in_type` tinyint(1) unsigned NOT NULL DEFAULT '1' COMMENT '转入状态，1：正常转入，2：禁止转入',
  `roll_in_num` int(11) unsigned NOT NULL DEFAULT '0' COMMENT '确认次数,转入确认次数必须填写,且大于0',
  `roll_in_sm` varchar(50) DEFAULT '',
  `roll_in_min` decimal(20,8) unsigned NOT NULL DEFAULT '0.00000000' COMMENT '最小转入数量',
  `roll_in_max` decimal(20,8) unsigned NOT NULL DEFAULT '0.00000000' COMMENT '最大转入数量',
  `roll_out_sm` varchar(50) DEFAULT '',
  `roll_out_fee` decimal(20,8) unsigned NOT NULL DEFAULT '0.00000000' COMMENT '转出手续费 ,单位%',
  `roll_out_user` varchar(50) DEFAULT '',
  `roll_out_min` decimal(20,8) unsigned NOT NULL DEFAULT '0.00000000' COMMENT '最小转出数量',
  `roll_out_max` decimal(20,8) unsigned NOT NULL DEFAULT '0.00000000' COMMENT '最大转出数量',
  `roll_out_jz` varchar(50) DEFAULT '',
  `roll_out_zd_num` decimal(20,8) unsigned DEFAULT '0.00000000' COMMENT '每天允许自动转出累计数量(为0则不限制,如果超过这个值, 则会转入后台进行审核)',
  `roll_out_day_num` decimal(20,8) unsigned DEFAULT '0.00000000' COMMENT '每天允许自动转出累计数量(为0则不限制)',
  `roll_out_num` int(11) unsigned NOT NULL DEFAULT '1' COMMENT '转出确认次数',
  `roll_out_zd` varchar(50) DEFAULT '' COMMENT '转出自动',
  `roll_out_type` tinyint(1) unsigned NOT NULL DEFAULT '1' COMMENT '转出状态，1：正常转出，2：禁止转出',
  `js_en` varchar(50) DEFAULT '' COMMENT '英文简称',
  `js_content` text COMMENT '详细介绍',
  `js_wallet_download` varchar(50) DEFAULT '' COMMENT '钱包下载',
  `js_code_download` varchar(50) DEFAULT '' COMMENT '源码下载',
  `js_link` varchar(50) DEFAULT '' COMMENT '官方链接',
  `js_lt` varchar(50) DEFAULT '',
  `js_mining` varchar(50) DEFAULT '' COMMENT '官方挖矿',
  `cs_develop` varchar(50) DEFAULT '' COMMENT '研发者',
  `cs_algorithm` varchar(50) DEFAULT '' COMMENT '核心算法',
  `cs_release_time` varchar(50) DEFAULT '' COMMENT '发布日期',
  `cs_block_speed` varchar(50) DEFAULT '' COMMENT '区块速度',
  `cs_count` varchar(50) DEFAULT '' COMMENT '发行总量',
  `cs_stock` varchar(50) DEFAULT '' COMMENT '存量',
  `cs_prove` varchar(50) DEFAULT '' COMMENT '证明方式',
  `cs_difficulty` varchar(50) DEFAULT '' COMMENT '难度调整',
  `cs_reward` varchar(50) DEFAULT '' COMMENT '区块奖励',
  `cs_character` varchar(50) DEFAULT '' COMMENT '主要特色',
  `cs_short` varchar(50) DEFAULT '' COMMENT '不足之处',
  `tp_zs` varchar(50) DEFAULT '',
  `tp_js` varchar(50) DEFAULT '',
  `tp_yy` varchar(50) DEFAULT '',
  `tp_qj` varchar(50) DEFAULT '',
  `block_number` int(50) NOT NULL DEFAULT '1' COMMENT '监听节点数',
  `is_del` int(1) DEFAULT '0' COMMENT '0、未删除1、已删除',
  `real_time_price` decimal(30,10) NOT NULL COMMENT '实时价格',
  `token` varchar(255) DEFAULT NULL COMMENT '代币token(以太坊代币类型不能为空)',
  `token_decimal` int(5) unsigned DEFAULT '18' COMMENT '代币小数位(以太坊代币类型不能为空, 默认18)',
  `balance_upper_limit_alarm` int(11) unsigned DEFAULT NULL COMMENT '平台余额上限报警值',
  `balance_lower_limit_alarm` int(11) unsigned DEFAULT NULL COMMENT '平台余额下限报警值',
  `txid` varchar(100) DEFAULT NULL,
  PRIMARY KEY (`id`),
  KEY `name` (`name`) USING BTREE
) ENGINE=InnoDB AUTO_INCREMENT=111 DEFAULT CHARSET=utf8 COMMENT='币种配置表';

-- ----------------------------
-- Records of coin
-- ----------------------------
INSERT INTO `coin` VALUES ('71', 'CNY', '1', '人民币', 'cny.png', '0', '', '2018-03-20 16:47:07', '2018-05-25 19:12:53', '1', null, null, null, null, null, null, '0.00000000', '1', '10', '0', '0.00000000', '0.00000000', '0', '0.00000000', '0', '0.00000000', '0.00000000', '', '0.00000000', '0.00000000', '1', '', '1', '', '', '', '', '', '', '', '', '', '', '', '', '', '', '', '', '', '', '', '', '', '', '1', '0', '0.0000000000', null, '18', null, null, null);
INSERT INTO `coin` VALUES ('96', 'ETH', '5', '以太坊', 'group1/M00/00/07/wKhY3Vs8y1eAWM51AAJ1_hoPBR4967.jpg', '0', '0', '2018-03-16 20:14:05', '2018-07-29 23:42:04', '1', '192.168.88.231', '8588', '0x2d16D617B53eaA38A63Df7A68ed215bA3D335aCf', '123456789', '0x2d16d617b53eaa38a63df7a68ed215ba3d335acf', '123456789', '0.00000000', '1', '1', '', '0.00000000', '0.00000000', '', '0.00100000', '0', '0.00000000', '10000.00000000', '', '1.00000000', '0.00000000', '1', '', '1', 'Ethereum', '<p><span>以太坊（</span>Ethereum<span>）是下一代密码学账本，打算支持众多的高级功能，包括用户发行货币，智能协议，去中心化的交易和我们认为的第一个完全的去中心化自治组织</span>(DAOs)<span>或去中心化自治公司（</span>DACs<span>）应用。以太坊（</span>Ethereum<span>）并不是把每一单个类型的功能作为特性来特别支持，相反，以太坊（</span>Ethereum<span>）包括一个内置的图灵完备的脚本语言，允许通过被称为“合同”的机制来为自己想实现的特性写代码。一个合同就像一个自动的代理，每当接收到一笔交易，合同就会运行特定的一段代码，这段代码能修改合同内部的数据存储或者发送交易。高级的合同甚至能修改自身的代码。</span>  </p><p><span>通俗一点说，以太坊是开源平台数字货币和区块链平台，它为开发者提供在区块链上搭建和发布应用的平台。</span>Ethereum<span>可以用来编程、分散、担保和交易任何事物，投票、域名、金融交易所，众筹、公司管理、合同和大部分的协议、知识产权，还有得益于硬件集成的智能资产。</span></p><p>2017<span>年</span>2<span>月</span>28<span>日，一批代表着石油、天然气行业，金融行业和软件开发公司的全球性企业正式推出企业以太坊联盟（</span>EEA<span>），致力于将以太坊开发成企业级区块链。这些企业包括英国石油巨头</span>BP<span>、摩根大通、软件开发商微软、埃森哲、桑坦德银行、</span>BlockApps<span>、</span>BNY<span>梅隆、芝商所、</span>ConsenSys<span>、英特尔微软和</span>Nuco<span>等。</span></p><p><span>许多企业或组织开发基于以太坊区块链的项目，并发行代币</span>Token<span>。联合国世界粮食计划署成功使用以太坊区块链向</span>10000<span>难民提供救助。</span></p><p><!--StartFragment--><!--EndFragment--></p><p><span>以太坊（</span>Ethereum<span>）的数字代币是以太币</span>ETH<span>，开发者们需要支付</span>ETH<span>来支撑应用的运行。和其他数字货币一样，</span>ETH<span>可以在交易平台上进行买卖。</span></p>', 'https://www.ethereum.org/cli', 'https://github.com/ethereum/', 'https://www.ethereum.org/', 'Unkown', 'https://www.ethereum.org/', 'VitalikButerin', 'Ethash', '2015-03-20', '约15-17秒/块', '10000', '10000', 'Unkown', 'Unkown', 'Unkown', '含数字货币和智能合约等特色功能', 'Unkown', '', '', '', '', '6056808', '0', '3183.0175000000', null, '18', null, null, 'https://etherscan.io/tx/');
INSERT INTO `coin` VALUES ('97', 'QD', '2', 'QD', '201806081526010224770038459997.png', '0', '0', '2018-03-20 16:31:34', '2018-06-08 15:26:40', '1', '', '', '', '', '', '', '0.00000000', '1', '10', '', '0.00000000', '0.00000000', '', '0.00000000', '', '0.00000000', '0.00000000', '', '0.00000000', '0.00000000', '1', '', '1', 'QD', '<p>fdsdfs</p><p><br></p>', '', '', '', '', '', '', '', '', '', '', '', '', '', '', '', '', '', '', '', '', '1', '0', '0.0000000000', null, '18', null, null, null);
INSERT INTO `coin` VALUES ('100', 'USDT', '10', '泰达币', '2018060815250102625699699077926.png', '0', '0', '2018-03-20 16:45:43', '2018-07-29 23:53:57', '1', '192.168.88.225', '8332', 'ffk666', '@ffk$^67812', '1NDz7Q6C9Q36nHt54WsZhEcck4Ex9S2UkB', '', '0.00000000', '1', '1', '', '0.00000000', '0.00000000', '', '0.00200000', '', '0.00000000', '10001.00000000', '', '5.00000000', '0.00000000', '1', '', '1', 'Tether', '<p>USDT<span>是</span>Tether<span>公司推出的基于稳定价值货币美元（</span>USD<span>）的代币</span>Tether USD<span>（下称</span>USDT<span>），</span>1USDT = 1<span>美元，用户可以随时使用</span>USDT<span>与</span>USD<span>进行</span>1<span>：</span>1<span>兑换。</span>Tether<span>公司严格遵守</span>1<span>：</span>1<span>准备金保证，即每发行</span>1<span>个</span>USDT<span>代币，其银行账户都会有</span>1<span>美元的资金保障。用户可以在</span>Tether<span>平台进行资金查询，以保障透明度。用户可以通过</span>SWIFT<span>电汇美元至</span>Tether<span>公司提供的银行帐户，或通过交易所换取</span>USDT<span>；赎回美元时，反向操作即可用户也可在交易平台用比特币换取</span>USDT<span>。</span><br></p><p></p><p><!--StartFragment--><!--EndFragment--></p><p>USDT<span>是在比特币区块链上发布的基于</span>Omni Layer<span>协议的数字资产。</span>USDT<span>最大的特点是，它与同数量的美元是等值的，在交易平台上可以互相赎买</span>.USDT<span>可以看成与比特币类似的代币，人们能够通过钱包转移，贮存和消费。</span>USDT<span>作为美元在数字网络上的复制品的设计，使之成为波动剧烈的加密货币市场中良好的保值代币。</span></p><p><br></p>', '/', '/', 'https://tether.to/', '/', '/', 'Craig Sellar ', 'script', '2014-12-26', '600秒/块', '324951410', '324951410', '/', '/', '/', '稳定的保值代币  1USDT=1美元', '/', '', '', '', '', '1', '0', '0.0000000000', null, '18', null, null, 'https://etherscan.io/');
INSERT INTO `coin` VALUES ('101', 'BTC', '3', '比特币', '20180608152158027565667514030134.png', '0', '0', '2018-03-20 16:47:07', '2018-07-29 23:54:08', '1', '192.168.88.242', '24406', 'at_home', 'at_home98k', '', '', '0.00000000', '1', '1', '', '0.00000000', '0.00000000', '', '0.00100000', '', '0.00000000', '10001.00000000', '', '0.10000000', '0.00000000', '1', '', '1', 'BTC', '<p><!--StartFragment-->比特币（bitcoin）的概念最初由中本聪在2009年提出，根据中本聪的思路设计发布的开源软件以及建构其上的p2p网络。比特币是一种p2p形式的数字货币。点对点的传输意味着一个去中心化的支付系统。<br>与大多数货币不同，比特币不依靠特定货币机构发行，它依据特定算法，通过大量的计算产生，比特币经济使用整个p2p网络中众多节点构成的分布式数据库来确认并记录所有的交易行为，并使用密码学的设计来确保货币流通各个环节安全性。p2p的去中心化特性与算法本身可以确保无法通过大量制造比特币来人为操控币值。基于密码学的设计可以使比特币只能被真实的拥有者转移或支付。这同样确保了货币所有权与流通交易的匿名性。比特币与其他虚拟货币最大的不同，是其总数量非常有限，具有极强的稀缺性。该货币系统曾在4年内只有不超过1050万个，之后的总数量将被永久限制在2100万个。</p><p><br></p>', 'https://bitcoin.org/en/download', 'https://github.com/bitcoin/bitcoin', 'https://bitcoin.org/zh_CN/', 'Unkown', 'https://en.bitcoin.it/wiki/Comparison_of_mining_po', 'Satoshi Nakamoto', 'SHA-256', '2009-01-03', '约600秒/块', '21000000', '21000000', 'POW', 'Unkown', '当前12.5BTC/区块', '比特币因去中心化、全球流通、低交易费用 、匿名流通', '', '', '', '', '', '1', '0', '44323.4194250000', null, '18', null, null, 'https://www.blockchain.com/zh-cn/btc/tx/');
INSERT INTO `coin` VALUES ('102', 'HOLO', '6', 'HOLO', '2018061421051401487838664336727.jpg', '0', '0', '2018-06-14 21:05:54', '2018-07-30 00:09:26', '1', '192.168.88.231', '8588', '0x2d16D617B53eaA38A63Df7A68ed215bA3D335aCf', '123456789', '0x2d16D617B53eaA38A63Df7A68ed215bA3D335aCf', '123456789', '0.00000000', '1', '1', '', '0.00000000', '0.00000000', '', '0.01000000', '', '0.00000000', '888888888.00000000', '', '100.00000000', '40000.00000000', '1', '', '1', 'HOLO', '', '', '', '', '', '', '', '', '', '', '', '', '', '', '', '', '', '', '', '', '', '5942554', '0', '0.0000000000', '0x6c6ee5e31d828de241282b9606c8e98ea48526e2', '18', null, null, 'https://');
INSERT INTO `coin` VALUES ('103', 'QTUM', '4', '量子链', '2018061518314300257894619894794.png', '0', '0', '2018-06-15 18:34:50', '2018-07-21 22:06:54', '0', '192.168.88.228', '24406', 'at_home', 'at_home98k', '', '', '0.00000000', '1', '1', '', '0.00000000', '0.00000000', '', '0.00100000', '', '0.00000000', '10000.00000000', '', '1.00000000', '100.00000000', '1', '', '1', 'Qtum Blockchain', 'Qtum Blockchain（简称“量子链”或“Qtum”）致力于开发比特币和以太坊之外的第三种区块链生态系统，通过价值传输协议（“Value Transfer Protocol”）来实现点对点的价值转移，并根据此协议，构建一个支持多个行业（包括金融、物联网、供应链、社交、游戏等）的去中心化的应用开发平台（“DApp Platform”）。通过合并改进版本的比特币核心基础架构和可以相互兼容的以太坊虚拟机版本，量子链既拥有比特币坚不可摧的区块链网络又能发挥智能合约的无限可能。', '', '', 'https://www.qtum.org/zh/', '', '', '', '', '2017-03-16', '', '100,286,7', '73,786,79', '', '', '', '', '', '', '', '', '', '1', '0', '0.0000000000', null, '18', null, null, 'https://');
INSERT INTO `coin` VALUES ('104', 'QUN', '6', 'QUN', '20180616151857008173020232503159.png', '0', '0', '2018-06-16 15:46:30', '2018-06-18 11:52:42', '1', '192.168.88.231', '8588', '', '', '0x2d16d617b53eaa38a63df7a68ed215ba3d335acf', '', '0.00000000', '1', '1', '', '0.00000000', '0.00000000', '', '0.10000000', '', '0.00000000', '100000.00000000', '', '100.00000000', '10000.00000000', '1', '', '1', 'QunQun', 'QunQun是基于区块链的激励型社区平台。在QunQun上，人们可以无需任何编码和部署即可轻松创建属于自己的主题社区。人们通过运营自己的QunQun社区，或者参与其他社区贡献内容，均可获得来自QunQun奖励池的Token激励。', '', '', '', '', '', '', '', '', '', '1,500,000', '', '', '', '', '', '', '', '', '', '', '5913793', '1', '0.0000000000', '0x264dc2dedcdcbb897561a57cba5085ca416fb7b4', '18', null, null, null);
INSERT INTO `coin` VALUES ('105', 'EDU', '6', '教育积分', '2018061814175000529460824458291.png', '0', '0', '2018-06-18 14:17:53', null, '1', '192.168.88.231', '8588', '', '', '0x2d16d617b53eaa38a63df7a68ed215ba3d335acf', '', '0.00000000', '1', '1', '', '0.00000000', '0.00000000', '', '0.00000000', '', '0.00000000', '0.00000000', '', '0.00100000', '10.00000000', '1', '', '1', 'EduCoin', 'EduCoin是建立在基于区块链和智能合约技术基础上，针对教学内容分享，教学服务消费与提供，教学产品技术分享，教学质量监控评估而设计的数字加密虚拟货币体系。\n\n请注意：简称是EDU的币有2个，一个是EduCoin教育币，一个是EduChain教育链，中文名相近，提醒各位用户在进行充值、交易和提现EDU时，需谨慎核对智能合约地址，避免混淆。', '', '', 'http://www.edu.one/', '', '', '', '', '2018-02-22', '', '15,000,0', '', '', '', '', '', '', '', '', '', '', '5913793', '1', '0.0000000000', '0xf263292e14d9d8ecd55b58dad1f1df825a874b7c', '18', null, null, null);
INSERT INTO `coin` VALUES ('106', 'DTA', '6', 'DTA', '2018061819383606218610965105446.png', '0', '0', '2018-06-18 19:39:30', null, '1', '192.168.88.231', '8588', '', '123456789', '0x2d16d617b53eaa38a63df7a68ed215ba3d335acf', '', '0.00000000', '1', '1', '', '0.00000000', '0.00000000', '', '0.00000000', '', '0.00000000', '0.00000000', '', '100.00000000', '10000.00000000', '1', '', '1', 'DTA', '去中心化的信任联盟，旨在解决数字生态系统中用户不信任的问题。用区块链奖励的机制鼓励用户数据上链，以解决数据行业“数据孤岛”和“花园围墙”的“囚徒困境”问题，自建对标IPFS针对移动场景的M³去中心化移动存储系统用于数据存储，基于非合作博弈(non-cooperative game)和机器学习的用户信用模型，用以进行作假流量的检测和用户激励的计算。', '', '', '', '', '', '', '', '', '', '', '', '', '', '', '', '', '', '', '', '', '5913793', '1', '0.0000000000', '0x69b148395ce0015c13e36bffbad63f49ef874e03', '18', null, null, null);
INSERT INTO `coin` VALUES ('107', 'OCN', '6', 'Odyssey', 'group1/M00/00/07/wKhY3Vs8ywyAZbUsAAOD8fGR4cE535.jpg', '0', '0', '2018-06-18 20:06:11', '2018-07-04 21:27:12', '1', '192.168.88.231', '8588', '', '', '0x2d16d617b53eaa38a63df7a68ed215ba3d335acf', '123456789', '0.00000000', '1', '1', '', '0.00000000', '0.00000000', '', '0.00100000', '', '0.00000000', '10000.00000000', '', '1000.00000000', '1000.00000000', '1', '', '1', 'Odyssey', 'ODYSSEY致力于打造区块链智能合约为依托的共享经济信用及交易体系，赋能真正去中心化的全球共享经济新形态，构建未来点对点交易生态系统。ODYSSEY将通过协议层将共享经济中各类型行业，及其中不同角色的参与者整合起来，把资产共享及交易变得效率更高，更快和更透明，为共享经济参与者打造运营成本更低，交易成本更低，更高效，收益回报更高的生态系统。OCOIN (OCN) 是ODYSSEY官方代币，可用在ODYSSEY生态系统内购买产品和服务。同时ODYSSEY将预留生态系统激励代币池，用来激励共享经济生态系统不同阶段的做出贡献的参与者。 ODYSSEY将通过协议层将共享经济中各类型行业，及其中不同角色的参与者整合起来，把资产共享及交易变得效率更高，更快和更透明，为共享经济参与者打造运营成本更低，交易成本更低，更高效，收益回报更高的生态系统。 OCOIN (OCN) 是ODYSSEY官方代币，可用在ODYSSEY生态系统内购买产品和服务。同时ODYSSEY将预留生态系统激励代币池，用来激励共享经济生态系统不同阶段的做出贡献的参与者。', '', '', '', '', '', '', '', '', '', '', '', '', '', '', '', '', '', '', '', '', '5942554', '0', '0.0000000000', '0x4092678e4e78230f46a1534c0fbc8fa39780892b', '18', null, null, null);
INSERT INTO `coin` VALUES ('108', 'WICC', '6', 'WICC', 'group1/M00/00/08/wKhY3Vs-8ieAFpgsAAAVzUSjufE687.png', '0', '0', '2018-07-06 12:38:09', '2018-07-30 00:09:14', '1', '192.168.88.231', '8588', '11', '123456789', '0x2d16d617b53eaa38a63df7a68ed215ba3d335acf', '123456789', '0.00000000', '1', '1', '', '0.00000000', '0.00000000', '', '1.00000000', '', '0.00000000', '10000.00000000', '', '100.00000000', '10000.00000000', '1', '', '1', 'WICC', '', '', '', '', '', '', '', '', '', '', '', '', '', '', '', '', '', '', '', '', '', '5942554', '0', '0.0000000000', '0x4f878c0852722b0976a955d68b376e4cd4ae99e5', '8', null, null, 'https://etherscan.io/tx/');
INSERT INTO `coin` VALUES ('109', 'POA', '6', 'POA', 'group1/M00/00/08/wKhY3Vs_CDuAIqeiAAAVzUSjufE498.png', '0', '0', '2018-07-06 14:16:27', '2018-07-20 18:35:27', '1', '192.168.88.231', '8588', '11', '11', '0x2d16d617b53eaa38a63df7a68ed215ba3d335acf', '123456789', '0.00000000', '2', '1', '', '0.01000000', '0.00000000', '', '20.00000000', '', '0.01000000', '10000.00000000', '', '100.00000000', '10000.00000000', '1', '', '2', 'POA', '', '', '', '', '', '', '', '', '', '', '', '', '', '', '', '', '', '', '', '', '', '5942554', '0', '0.0000000000', '0x6758b7d441a9739b98552b373703d8d3d14f9e62', '18', null, null, 'https://etherscan.io/');
INSERT INTO `coin` VALUES ('110', 'SQL', '13', 'SQL', 'group1/M00/00/0B/wKhY3Vtau02ATj_PAAAKIOlQ1hQ320.png', '0', '0', '2018-07-06 14:16:27', '2018-07-30 00:09:02', '1', '192.168.88.243', '8089', '', '123456789', '0x2d03ca04c1e2bc48ae5ffadf370770017b167587', '123456789', '0.00000000', '1', '1', '', '0.00000000', '0.00000000', '', '0.10000000', '', '0.00000000', '10000.00000000', '', '100.00000000', '10000.00000000', '1', '', '1', 'SQL', '', '', '', '', '', '', '', '', '', '', '', '', '', '', '', '', '', '', '', '', '', '350546', '0', '0.0000000000', '', null, null, null, 'http://140.143.97.81:3000/tx');

-- ----------------------------
-- Table structure for entrust_msg_err_log
-- ----------------------------
DROP TABLE IF EXISTS `entrust_msg_err_log`;
CREATE TABLE `entrust_msg_err_log` (
  `entrust_id` bigint(20) NOT NULL COMMENT '委托单ID',
  `user_id` bigint(20) DEFAULT NULL,
  `available_balance_account_id` bigint(20) DEFAULT NULL COMMENT '可用余额账户ID',
  `freezing_balance_account_id` bigint(20) DEFAULT NULL COMMENT '可用账户ID',
  `amount` decimal(30,10) DEFAULT NULL,
  `result` int(2) DEFAULT '0' COMMENT '处理结果（0 不需要回滚预估值  1需要回滚预估值）',
  `status` int(2) DEFAULT '0' COMMENT '处理状态 0 未处理  1 已处理 ',
  `gmt_created_time` datetime DEFAULT NULL,
  `gmt_modified_time` datetime DEFAULT NULL,
  PRIMARY KEY (`entrust_id`)
) ENGINE=InnoDB DEFAULT CHARSET=utf8mb4;

-- ----------------------------
-- Records of entrust_msg_err_log
-- ----------------------------
INSERT INTO `entrust_msg_err_log` VALUES ('613766087590281216', '0', '10000', '20000', '500008501880.6322646163', '0', '0', null, null);

-- ----------------------------
-- Table structure for entrust_order
-- ----------------------------
DROP TABLE IF EXISTS `entrust_order`;
CREATE TABLE `entrust_order` (
  `id` bigint(20) NOT NULL,
  `market_id` int(11) DEFAULT NULL COMMENT '市场（币对）id',
  `market_code` varchar(100) DEFAULT NULL COMMENT '市场（币对）编码，例如BTC_USDT',
  `entrust_volume` decimal(20,10) DEFAULT NULL COMMENT '委托（挂单）总数量',
  `entrust_price` decimal(20,10) DEFAULT NULL COMMENT '限价单委托（挂单）单价',
  `deal_volume` decimal(20,10) DEFAULT NULL COMMENT '已成交数量',
  `deal_avg_price` decimal(10,2) DEFAULT NULL COMMENT '已成交平均单价',
  `fee_rate` decimal(20,10) DEFAULT NULL COMMENT '手续费费率',
  `fee_rate_discount` decimal(20,10) DEFAULT NULL COMMENT '手续费费率折扣',
  `frozen_fee` decimal(20,10) DEFAULT NULL COMMENT '手续费冻结总金额',
  `total_deal_fee` decimal(20,10) DEFAULT NULL COMMENT '已收取手续费',
  `user_id` bigint(20) DEFAULT NULL,
  `order_type` int(2) DEFAULT NULL COMMENT '订单类型（1币币 2杠杆）',
  `trade_type` int(2) DEFAULT NULL COMMENT '交易类型1买2卖',
  `entrust_way` int(2) DEFAULT NULL COMMENT '委托类型（1限价 2市价）',
  `status` int(2) DEFAULT NULL COMMENT '状态（1 未成交 2 部分成交 3全部成交 4 撤销）',
  `entrust_time` datetime DEFAULT NULL COMMENT '委托（挂单）时间',
  `gmt_created_time` datetime DEFAULT NULL COMMENT '订单创建（入库）时间（格林威治标准时间）',
  `gmt_modified_time` datetime DEFAULT NULL COMMENT '订单更新（入库）时间（格林威治标准时间）',
  PRIMARY KEY (`id`)
) ENGINE=InnoDB DEFAULT CHARSET=utf8mb4 COMMENT='委托单';

-- ----------------------------
-- Records of entrust_order
-- ----------------------------

-- ----------------------------
-- Table structure for market
-- ----------------------------
DROP TABLE IF EXISTS `market`;
CREATE TABLE `market` (
  `id` int(11) unsigned NOT NULL AUTO_INCREMENT,
  `coin_id` int(11) DEFAULT NULL COMMENT '交易币种ID',
  `name` varchar(50) NOT NULL DEFAULT '' COMMENT '币种',
  `point_coin_id` int(11) DEFAULT NULL COMMENT '计价币种ID',
  `round` varchar(255) NOT NULL DEFAULT '',
  `fee_buy` varchar(255) NOT NULL DEFAULT '' COMMENT '买入手续费',
  `fee_sell` varchar(255) NOT NULL DEFAULT '' COMMENT '卖出手续费',
  `buy_min` varchar(255) NOT NULL DEFAULT '0' COMMENT '买入最小交易价',
  `buy_max` varchar(255) NOT NULL DEFAULT '0' COMMENT '买入最小交易价',
  `sell_min` varchar(255) NOT NULL DEFAULT '0' COMMENT '卖出最小交易价',
  `sell_max` varchar(255) NOT NULL DEFAULT '0' COMMENT ' 卖出最大交易价',
  `trade_min` varchar(255) NOT NULL DEFAULT '0' COMMENT '单笔最小交易额',
  `trade_max` varchar(255) NOT NULL DEFAULT '0' COMMENT '单笔最大交易额',
  `invit_buy` varchar(50) DEFAULT '',
  `invit_sell` varchar(50) DEFAULT '',
  `zhang` varchar(255) NOT NULL DEFAULT '0' COMMENT '涨幅限制（单位：%）',
  `die` varchar(255) NOT NULL DEFAULT '0' COMMENT '跌幅限制（单位：%）',
  `hou_price` varchar(255) NOT NULL DEFAULT '0' COMMENT '前一天最后一笔交易金额',
  `float_price` int(11) unsigned NOT NULL DEFAULT '6' COMMENT '价格小数位限制',
  `float_number` int(11) NOT NULL DEFAULT '6' COMMENT '数量小数位限制',
  `tendency` varchar(1000) DEFAULT '',
  `zoushi` text COMMENT '走势',
  `trade` int(11) unsigned NOT NULL DEFAULT '0' COMMENT '是否开启交易，0：禁止交易，1：开启交易',
  `new_price` decimal(20,8) unsigned DEFAULT '0.00000000',
  `buy_price` decimal(20,8) unsigned DEFAULT '0.00000000' COMMENT '买价（最佳卖价）',
  `sell_price` decimal(20,8) unsigned DEFAULT '0.00000000' COMMENT '卖价（最佳买价）',
  `min_price` decimal(20,8) unsigned DEFAULT '0.00000000' COMMENT '最低价',
  `max_price` decimal(20,8) unsigned DEFAULT '0.00000000' COMMENT '最高价',
  `volume` decimal(20,8) unsigned DEFAULT '0.00000000' COMMENT '成交量',
  `day_change` decimal(20,8) DEFAULT '0.00000000' COMMENT '日涨跌',
  `api_min` decimal(20,8) unsigned DEFAULT '0.00000000',
  `api_max` decimal(20,8) unsigned DEFAULT '0.00000000',
  `sort` int(11) unsigned DEFAULT '0',
  `create_time` datetime DEFAULT NULL,
  `update_time` datetime DEFAULT NULL,
  `open_time` varchar(10) DEFAULT NULL COMMENT '开启时间',
  `close_time` varchar(10) DEFAULT NULL COMMENT '关闭时间',
  `status` tinyint(4) NOT NULL DEFAULT '0' COMMENT '状态，0：禁用，1：可用（币种是否显示）',
  `hot` tinyint(1) unsigned DEFAULT '0' COMMENT '热门状态 0：非热门，1:热门',
  `is_del` int(1) DEFAULT '0' COMMENT '是否删除0、不删除1、已删除',
  `maxbuy` int(11) DEFAULT NULL,
  `minsell` int(11) DEFAULT NULL,
  `region` int(11) DEFAULT NULL,
  `matcher_exchange_name` varchar(255) DEFAULT '' COMMENT '撮合交换机名称(一个撮合支持一或多个币对市场)，这个字段不能提供给运营配置',
  PRIMARY KEY (`id`),
  KEY `name` (`name`) USING BTREE
) ENGINE=InnoDB AUTO_INCREMENT=54 DEFAULT CHARSET=utf8 COMMENT='行情配置表';

-- ----------------------------
-- Records of market
-- ----------------------------
INSERT INTO `market` VALUES ('1', '96', 'ETH_BTC', '101', '2', '1', '2', '0', '0', '0', '0', '0', '0', '', '', '0', '0', '5200.0', '2', '4', '', null, '1', '5200.00000000', '0.00000000', '0.00000000', '0.00000000', '0.00000000', '0.00000000', '0.00000000', '0.00000000', '0.00000000', '0', '2018-05-22 17:29:11', '2018-08-03 16:18:49', '', '', '1', '0', '1', '0', '0', null, 'COMM_MARKET_NAME');
INSERT INTO `market` VALUES ('2', '101', 'BTC_QD', '97', '2', '0.2', '0.2', '0', '0', '0', '0', '0', '0', '', '', '0', '0', '9800.0', '2', '4', '', null, '1', '9800.00000000', '0.00000000', '0.00000000', '0.00000000', '0.00000000', '0.00000000', '0.00000000', '0.00000000', '0.00000000', '0', '2018-05-22 17:39:11', '2018-08-03 16:18:49', '', '', '1', '0', '1', '0', '0', null, 'COMM_MARKET_NAME');
INSERT INTO `market` VALUES ('3', '97', 'QD_BTC', '101', '2', '0.2', '0.2', '1', '2', '100000', '100000', '10000000', '1000000020', '', '', '0', '0', '1000000.0', '0', '6', '', null, '1', '1000000.00000000', '0.00000000', '0.00000000', '0.00000000', '0.00000000', '0.00000000', '0.00000000', '0.00000000', '0.00000000', '0', '2018-05-22 17:59:56', '2018-08-03 16:18:49', '', '', '1', '0', '1', '0', '0', null, 'COMM_MARKET_NAME');
INSERT INTO `market` VALUES ('4', '96', 'ETH_BTC', '101', '2', '0.1', '0.1', '0.5', '500', '20', '5000', '50', '50000', '', '', '5', '1', '80.0', '4', '2', '', null, '1', '80.00000000', '0.00000000', '0.00000000', '0.00000000', '0.00000000', '0.00000000', '0.00000000', '0.00000000', '0.00000000', '0', '2018-05-22 18:17:19', '2018-08-03 16:18:49', '9:00', '22:00', '0', '0', '1', '0', '0', null, 'COMM_MARKET_NAME');
INSERT INTO `market` VALUES ('5', '100', 'USDT_BTC', '101', '2', '0.2', '0.3', '1', '2', '1', '2', '1', '2', '', '', '0.5', '0.1', '0.99', '6', '0', '', null, '1', '1.00000000', '0.00000000', '0.00000000', '0.00000000', '0.00000000', '0.00000000', '0.00000000', '0.00000000', '0.00000000', '0', '2018-05-22 18:19:56', '2018-08-03 16:18:49', '10:00', '22:00', '1', '0', '1', '0', '0', null, 'COMM_MARKET_NAME');
INSERT INTO `market` VALUES ('6', '100', 'USDT_BTC', '101', '2', '0.2', '0.3', '1', '10', '1', '10', '1', '500000', '', '', '0.1', '0.1', '1.0', '6', '0', '', null, '1', '1.00000000', '0.00000000', '0.00000000', '0.00000000', '0.00000000', '0.00000000', '0.00000000', '0.00000000', '0.00000000', '0', '2018-05-22 18:21:45', '2018-08-03 16:18:49', '8:00', '22:00', '1', '0', '1', '0', '0', null, 'COMM_MARKET_NAME');
INSERT INTO `market` VALUES ('7', '100', 'USDT_BTC', '101', '2', '0.1', '0.1', '50', '50', '10', '5000', '50', '50', '', '', '100', '30', '20.0', '4', '2', '', null, '1', '20.00000000', '0.00000000', '0.00000000', '0.00000000', '0.00000000', '0.00000000', '0.00000000', '0.00000000', '0.00000000', '0', '2018-05-22 18:26:35', '2018-08-03 16:18:49', '8:00', '22:00', '1', '0', '1', '0', '0', null, 'COMM_MARKET_NAME');
INSERT INTO `market` VALUES ('8', '100', 'USDT_BTC', '101', '2', '0.1', '0.1', '1', '500', '1', '500', '1', '500', '', '', '100', '30', '20.0', '4', '2', '', null, '1', '20.00000000', '0.00000000', '0.00000000', '0.00000000', '0.00000000', '0.00000000', '0.00000000', '0.00000000', '0.00000000', '0', '2018-05-22 18:27:45', '2018-08-03 16:18:50', '8:00', '22:00', '1', '0', '1', '0', '0', null, 'COMM_MARKET_NAME');
INSERT INTO `market` VALUES ('9', '100', 'USDT_BTC', '101', '2', '0.2', '0.3', '10', '1000', '20', '2000', '100', '3000', '', '', '100', '30', '10.0', '5', '1', '', null, '1', '10.00000000', '0.00000000', '0.00000000', '0.00000000', '0.00000000', '0.00000000', '0.00000000', '0.00000000', '0.00000000', '0', '2018-05-22 18:30:38', '2018-08-03 16:18:50', '8:00', '22:00', '1', '0', '1', '0', '0', null, 'COMM_MARKET_NAME');
INSERT INTO `market` VALUES ('10', '100', 'USDT_BTC', '101', '2', '0.1', '0.2', '10', '1000', '10', '1000', '10', '1000', '', '', '100', '30', '10.0', '5', '1', '', null, '1', '10.00000000', '0.00000000', '0.00000000', '0.00000000', '0.00000000', '0.00000000', '0.00000000', '0.00000000', '0.00000000', '0', '2018-05-22 18:35:55', '2018-08-03 16:18:50', '8:00', '22:00', '1', '0', '1', '0', '0', null, 'COMM_MARKET_NAME');
INSERT INTO `market` VALUES ('11', '96', 'ETH_QD', '97', '2', '0.1', '0.1', '10000', '10000', '10000', '10000', '10000', '100000', '', '', '100', '20', '10000.0', '2', '4', '', null, '1', '10000.00000000', '0.00000000', '0.00000000', '0.00000000', '0.00000000', '0.00000000', '0.00000000', '0.00000000', '0.00000000', '0', '2018-05-22 19:36:34', '2018-08-03 16:18:50', '9:00', '22:00', '1', '0', '1', '0', '0', null, 'COMM_MARKET_NAME');
INSERT INTO `market` VALUES ('12', '97', 'QD_BTC', '101', '2', '0.1', '0.2', '1', '10000', '1', '10000', '1', '10000', '', '', '200', '50', '10.0', '5', '1', '', '[[0,9.00000000],[2,9.00000000],[3,9.00000000],[4,9.00000000],[5,7.00000000],[6,7.00000000],[7,7.00000000],[8,9.00000000],[9,9.00000000],[10,10.00000000],[11,10.00000000],[12,10.00000000],[13,10.00000000],[14,10.00000000],[15,10.00000000],[16,10.00000000],[17,22.00000000],[18,7.00000000],[19,7.00000000],[20,12.00000000]]', '1', '9.00000000', '11.00000000', '0.00000000', '7.00000000', '22.00000000', '27.00000000', '-10.00000000', '0.00000000', '0.00000000', '0', '2018-05-22 21:38:58', '2018-08-03 16:18:50', '8:00', '22:00', '0', '0', '1', '0', '0', null, 'COMM_MARKET_NAME');
INSERT INTO `market` VALUES ('13', '101', 'BTC_QD', '97', '2', '10', '15', '0', '0', '0', '0', '100', '500000', '', '', '0', '0', '135.0', '3', '3', '', '[[0,135.00000000],[2,270.00000000],[3,270.00000000],[4,270.00000000],[5,251.00000000],[6,260.00000000],[7,200.00000000],[8,200.00000000],[9,140.00000000],[10,200.00000000],[11,140.00000000],[12,140.00000000],[13,135.00000000],[14,140.00000000],[15,140.00000000],[16,0.13000000],[17,0.01000000],[18,0.10000000],[19,0.10000000],[20,0.10000000]]', '1', '135.00000000', '100.00000000', '135.00000000', '0.01000000', '270.00000000', '116184.30000000', '-50.00000000', '0.00000000', '0.00000000', '0', '2018-05-22 22:45:28', '2018-08-03 16:18:50', '', '', '1', '0', '1', '0', '0', null, 'COMM_MARKET_NAME');
INSERT INTO `market` VALUES ('14', '96', 'ETH_QD', '97', '2', '0', '0', '0', '0', '0', '0', '100', '500000', '', '', '0', '0', '25.0', '4', '2', '', '[[0,25.00000000],[2,25.50000000],[3,26.00000000],[4,25.00000000],[5,27.00000000],[6,28.00000000],[7,27.00000000],[8,110.00000000],[9,28.00000000],[10,28.00000000],[11,28.00000000],[12,28.00000000],[13,28.00000000],[14,10.02000000],[15,10.02000000],[16,10.01000000],[17,19.00000000],[18,12.00000000],[19,10.50000000],[20,10.02000000]]', '1', '25.00000000', '0.00000000', '25.00000000', '10.01000000', '110.00000000', '2171.55000000', '25.00000000', '0.00000000', '0.00000000', '0', '2018-05-22 23:01:42', '2018-08-03 16:18:50', '', '', '1', '0', '1', '0', '0', null, 'COMM_MARKET_NAME');
INSERT INTO `market` VALUES ('15', '100', 'USDT_QD', '97', '2', '', '', '0', '0', '0', '0', '100', '500000', '', '', '0', '0', '1.0', '6', '0', '', '[[0,1.00000000],[2,1.00000000],[3,1.00000000],[4,5.00000000],[5,5.50000000],[6,5.00000000],[7,5.00000000],[8,7.00000000],[9,200.00000000],[10,100.00000000],[11,7.00000000],[12,8.00000000],[13,7.50000000],[14,6.50000000],[15,6.50000000],[16,6.55000000],[17,7.00000000],[18,6.30000000],[19,6.30000000],[20,6.00000000]]', '1', '1.00000000', '50.00000000', '100.00000000', '1.00000000', '200.00000000', '122710.55000000', '-83.00000000', '0.00000000', '0.00000000', '0', '2018-05-22 23:03:18', '2018-08-03 16:18:50', '', '', '1', '0', '1', '0', '0', null, 'COMM_MARKET_NAME');
INSERT INTO `market` VALUES ('16', '101', 'BTC_USDT', '100', '2', '', '', '0', '0', '0', '0', '100', '500000', '', '', '10', '10', '8000.0', '2', '4', '', null, '1', '8000.00000000', '0.00000000', '0.00000000', '0.00000000', '0.00000000', '0.00000000', '0.00000000', '0.00000000', '0.00000000', '0', '2018-05-22 23:06:38', '2018-08-03 16:18:50', '', '', '1', '0', '1', '0', '0', null, 'COMM_MARKET_NAME');
INSERT INTO `market` VALUES ('17', '101', 'BTC_ETH', '96', '3', '0.15', '0.2', '110', '90000', '10', '99000', '200', '999999', '', '', '10000', '20000', '1000.0', '3', '3', '', null, '1', '1000.00000000', '0.00000000', '0.00000000', '0.00000000', '0.00000000', '0.00000000', '0.00000000', '0.00000000', '0.00000000', '4', '2018-05-24 22:58:55', '2018-08-03 16:18:50', '9:00', '24:00', '1', '0', '1', '0', '0', null, 'COMM_MARKET_NAME');
INSERT INTO `market` VALUES ('18', '100', 'USDT_ETH', '96', '2', '2', '3', '10', '5000', '30', '10000', '100', '10000', '', '', '100', '30', '500.0', '3', '3', '', null, '1', '500.00000000', '0.00000000', '0.00000000', '0.00000000', '0.00000000', '0.00000000', '0.00000000', '0.00000000', '0.00000000', '0', '2018-05-24 23:31:53', '2018-08-03 16:18:50', '8:00', '22:00', '1', '0', '1', '0', '0', null, 'COMM_MARKET_NAME');
INSERT INTO `market` VALUES ('19', '101', 'BTC_ETH', '96', '2', '2', '3', '10', '1000', '20', '5000', '10', '50000', '', '', '100', '30', '1000.0', '3', '3', '', '[[0,1000.00000000]]', '1', '1000.00000000', '0.00000000', '0.00000000', '0.00000000', '0.00000000', '0.00000000', '100.00000000', '0.00000000', '0.00000000', '0', '2018-05-24 23:35:00', '2018-08-03 16:18:50', '8:00', '22:00', '1', '0', '1', '0', '0', null, 'COMM_MARKET_NAME');
INSERT INTO `market` VALUES ('20', '97', 'QD_ETH', '96', '2', '3', '5', '2', '10000', '3', '50000', '1', '50900', '', '', '600', '20', '100.0', '4', '2', '', null, '1', '100.00000000', '0.00000000', '0.00000000', '0.00000000', '0.00000000', '0.00000000', '0.00000000', '0.00000000', '0.00000000', '3', '2018-05-24 23:37:18', '2018-08-03 16:18:50', '8:00', '20:00', '1', '0', '1', '0', '0', null, 'COMM_MARKET_NAME');
INSERT INTO `market` VALUES ('21', '100', 'USDT_BTC', '101', '3', '1', '2', '10', '156445', '50', '694512', '12', '123456', '', '', '100', '30', '520.0', '3', '3', '', null, '1', '520.00000000', '0.00000000', '0.00000000', '0.00000000', '0.00000000', '0.00000000', '0.00000000', '0.00000000', '0.00000000', '0', '2018-05-24 23:41:47', '2018-08-03 16:18:51', '8:00', '22:00', '1', '0', '1', '0', '0', null, 'COMM_MARKET_NAME');
INSERT INTO `market` VALUES ('22', '96', 'ETH_BTC', '101', '6', '1', '1', '0', '0', '0', '0', '0.5', '5000000', '', '', '0', '0', '55.0', '4', '2', '', null, '1', '55.00000000', '0.00000000', '0.00000000', '0.00000000', '0.00000000', '0.00000000', '0.00000000', '0.00000000', '0.00000000', '60', '2018-05-25 10:59:26', '2018-08-03 16:18:51', '9:30', '22:00', '1', '0', '1', '0', '0', null, 'COMM_MARKET_NAME');
INSERT INTO `market` VALUES ('23', '101', 'BTC_QD', '97', '2', '10', '10', '0', '0', '0', '0', '0', '0', '', '', '0', '0', '49000.00000000', '1', '5', '', '[[0,49000.00000000],[2,49000.00000000],[3,49000.00000000],[4,49000.00000000],[5,49000.00000000],[6,49000.00000000],[7,49000.00000000],[8,49000.00000000],[9,10.00000000],[10,47999.60000000],[11,47999.60000000],[12,47999.60000000],[13,47999.60000000],[14,47999.60000000],[15,48000.00000000],[16,48000.00000000],[17,48000.00000000],[18,48000.00000000],[19,48000.00000000],[20,48000.00000000]]', '1', '49000.00000000', '49000.00000000', '0.00000000', '49000.00000000', '49000.00000000', '9.00000000', '489900.00000000', '0.00000000', '0.00000000', '1000', '2018-05-25 14:15:27', '2018-08-03 16:18:51', '', '', '1', '0', '0', '0', '0', null, 'COMM_MARKET_NAME');
INSERT INTO `market` VALUES ('24', '96', 'ETH_QD', '97', '2', '1', '1', '0', '0', '0', '0', '0', '0', '', '', '0', '0', '4900.0', '2', '4', '', '[[0,4900.00000000],[2,4900.00000000],[3,1.00000000],[4,4900.00000000],[5,4900.00000000],[6,4900.00000000],[7,4900.00000000],[8,4900.00000000],[9,4900.00000000],[10,4900.00000000],[11,4900.00000000],[12,4900.00000000],[13,4900.00000000],[14,4900.00000000],[15,4900.00000000],[16,5000.00000000],[17,0.01000000],[18,0.01000000],[19,0.01000000],[20,5010.00000000]]', '1', '4900.00000000', '0.00000000', '4900.00000000', '0.01000000', '999999.00000000', '4241.49010000', '-2.00000000', '0.00000000', '0.00000000', '999', '2018-05-25 14:16:26', '2018-08-03 16:18:51', '', '', '1', '0', '0', '0', '0', null, 'COMM_MARKET_NAME');
INSERT INTO `market` VALUES ('25', '100', 'USDT_QD', '97', '2', '0', '0', '0', '0', '0', '0', '0', '0', '', '', '0', '0', '11.5', '4', '2', '', '[[0,11.50000000],[2,10.00000000],[3,9.00000000],[4,9.00000000],[5,10.00000000],[6,10.00000000],[7,6.80000000],[8,6.80001000],[9,6.80002000],[10,6.80003000],[11,6.80004000],[12,6.80005000],[13,6.80006000],[14,6.80007000],[15,6.80008000],[16,6.80009000],[17,6.80003000],[18,6.80003000],[19,6.70003000],[20,6.70003000]]', '1', '11.50000000', '11.50000000', '15.00000000', '6.70003000', '10.00000000', '4288.00000000', '28.00000000', '0.00000000', '0.00000000', '998', '2018-05-25 14:17:22', '2018-08-03 16:18:51', '0:01', '23:59', '1', '0', '0', '20', '20', null, 'COMM_MARKET_NAME');
INSERT INTO `market` VALUES ('26', '101', 'BTC_USDT', '100', '2', '0', '0', '0', '0', '0', '0', '0', '0', '', '', '0', '0', '6001.0', '2', '4', '', '[[0,6001.00000000],[2,6001.00000000],[3,6001.00000000],[4,6100.00000000],[5,6101.00000000],[6,6102.00000000],[7,6103.00000000],[8,6104.00000000],[9,6214.14000000],[10,6164.13000000],[11,6172.09000000],[12,6214.24000000],[13,6216.05000000],[14,6183.02000000],[15,6202.90000000],[16,6222.44000000],[17,6221.57000000],[18,6207.38000000],[19,6175.26000000],[20,6170.88000000]]', '1', '6001.00000000', '0.00000000', '0.00000000', '6001.00000000', '6001.00000000', '1.00000000', '0.00000000', '0.00000000', '0.00000000', '997', '2018-05-25 14:20:48', '2018-08-03 16:18:51', '', '', '1', '0', '0', '20', '20', null, 'COMM_MARKET_NAME');
INSERT INTO `market` VALUES ('27', '96', 'ETH_USDT', '100', '2', '1', '2', '0', '0', '0', '0', '0', '0', '', '', '0', '0', '21.96', '4', '2', '', '[[0,21.96000000],[2,21.96000000],[3,12.00000000],[4,21.96000000],[5,21.96000000],[6,21.96000000],[7,465.29000000],[8,468.69000000],[9,469.05000000],[10,465.92000000],[11,468.18000000],[12,466.12000000],[13,470.14000000],[14,470.00000000],[15,466.88000000],[16,468.35000000],[17,468.83000000],[18,465.52000000],[19,469.23000000],[20,469.51000000]]', '1', '21.96000000', '12.00000000', '0.00000000', '12.00000000', '21.96000000', '67.00000000', '83.00000000', '0.00000000', '0.00000000', '0', '2018-05-25 14:21:49', '2018-08-03 16:18:51', '', '', '1', '0', '0', '0', '0', null, 'COMM_MARKET_NAME');
INSERT INTO `market` VALUES ('28', '100', 'USDT_BTC', '101', '6', '1', '1', '0', '0', '0', '0', '0', '0', '', '', '0', '0', '0.000134', '9', '0', '', null, '0', '0.00013400', '0.00000000', '0.00000000', '0.00000000', '0.00000000', '0.00000000', '0.00000000', '0.00000000', '0.00000000', '0', '2018-05-25 15:56:18', '2018-08-03 16:18:51', '', '', '0', '0', '1', '0', '0', null, 'COMM_MARKET_NAME');
INSERT INTO `market` VALUES ('29', '96', 'ETH_BTC', '101', '6', '0.1', '0.1', '0', '0', '0', '0', '0', '0', '', '', '0', '0', '0.079553', '7', '0', '', null, '0', '0.07955300', '0.00000000', '0.00000000', '0.00000000', '0.00000000', '0.00000000', '0.00000000', '0.00000000', '0.00000000', '0', '2018-05-25 16:03:15', '2018-08-03 16:18:51', '', '', '0', '0', '1', '0', '0', null, 'COMM_MARKET_NAME');
INSERT INTO `market` VALUES ('30', '102', 'HOLO_QD', '97', '2', '0.1', '0.1', '0', '0', '0', '0', '0', '0', '', '', '0', '0', '200.0', '3', '3', '', '[[0,200.00000000],[2,20.00000000],[3,999999.00000000],[4,88888.00000000],[5,1.00000000],[6,1.00000000],[7,1.00000000],[8,1.00000000],[9,1.10000000],[10,1.10000000]]', '1', '200.00000000', '0.00000000', '0.00000000', '20.00000000', '200.00000000', '2.00000000', '-100.00000000', '0.00000000', '0.00000000', '0', '2018-06-14 21:08:08', '2018-08-03 16:18:51', '', '', '1', '0', '0', '0', '0', null, 'COMM_MARKET_NAME');
INSERT INTO `market` VALUES ('31', '107', 'OCN_ETH', '96', '2', '', '', '0', '0', '0', '0', '0', '0', '', '', '0', '0', '100.0', '4', '2', '', null, '1', '100.00000000', '0.00000000', '0.00000000', '0.00000000', '0.00000000', '0.00000000', '0.00000000', '0.00000000', '0.00000000', '0', '2018-07-03 15:49:47', '2018-08-03 16:18:51', '', '', '1', '0', '1', '0', '0', null, 'COMM_MARKET_NAME');
INSERT INTO `market` VALUES ('32', '103', 'QTUM_QD', '97', '2', '0', '0', '0', '0', '0', '0', '0', '0', '', '', '0', '0', '50.0', '4', '2', '', '[[0,50.00000000],[2,45.00000000],[3,45.00000000],[4,45.00000000],[5,45.00000000],[6,55.00000000],[7,60.00000000],[8,65.00000000],[9,55.00000000],[10,65.00000000],[11,50.00000000],[12,55.00000000],[13,60.00000000],[14,55.00000000],[15,50.00000000],[16,55.00000000],[17,41.00000000],[18,38.00000000],[19,39.00000000],[20,40.00000000]]', '1', '50.00000000', '50.00000000', '0.00000000', '30.00000000', '65.00000000', '208.50000000', '0.00000000', '0.00000000', '0.00000000', '0', '2018-07-04 15:54:32', '2018-08-03 16:18:51', '', '', '1', '0', '0', '0', '0', null, 'COMM_MARKET_NAME');
INSERT INTO `market` VALUES ('33', '103', 'QTUM_ETH', '96', '2', '0', '0', '0', '0', '0', '0', '0', '0', '', '', '0', '0', '0.56', '6', '0', '', '[[0,0.20000000],[2,0.30000000],[3,0.20000000],[4,0.40000000],[5,0.02000000],[6,0.03000000],[7,0.04000000],[8,0.20000000],[9,0.40000000],[10,0.30000000],[11,0.20000000],[12,0.30000000],[13,0.40000000],[14,0.30000000],[15,0.20000000],[16,0.30000000],[17,0.20000000],[18,0.30000000],[19,0.20000000],[20,0.20000000]]', '1', '0.20000000', '0.00000000', '0.00000000', '0.00500000', '0.40000000', '96.00000000', '-64.00000000', '0.00000000', '0.00000000', '0', '2018-07-06 10:56:18', '2018-08-03 16:18:52', '', '', '1', '0', '0', '0', '0', null, 'COMM_MARKET_NAME');
INSERT INTO `market` VALUES ('34', '103', 'QTUM_BTC', '101', '2', '0', '0', '0', '0', '0', '0', '0', '0', '', '', '0', '0', '0.369', '6', '0', '', '[[0,0.40000000],[2,0.30000000]]', '1', '0.30000000', '0.00000000', '0.30000000', '0.30000000', '0.40000000', '5.00000000', '-19.00000000', '0.00000000', '0.00000000', '0', '2018-07-06 10:56:48', '2018-08-03 16:18:52', '', '', '1', '0', '0', '0', '0', null, 'COMM_MARKET_NAME');
INSERT INTO `market` VALUES ('35', '108', 'WICC_QD', '97', '2', '1', '1', '0', '0', '0', '0', '0', '0', '', '', '0', '0', '11.4', '4', '2', '', '[[0,11.40000000],[2,11.40000000],[3,11.40000000],[4,10.00000000],[5,10.00000000],[6,11.40000000],[7,11.40000000],[8,11.40000000],[9,11.40000000],[10,11.40000000],[11,11.40000000],[12,11.40000000],[13,11.40000000],[14,11.54000000],[15,11.48000000],[16,11.52000000],[17,11.45000000],[18,11.47000000],[19,11.54000000],[20,11.52000000]]', '1', '11.40000000', '11.40000000', '0.00000000', '11.40000000', '11.40000000', '31.00000000', '0.00000000', '0.00000000', '0.00000000', '0', '2018-07-06 14:17:35', '2018-08-03 16:18:52', '', '', '1', '0', '0', '50', '50', null, 'COMM_MARKET_NAME');
INSERT INTO `market` VALUES ('36', '109', 'POA_QD', '97', '2', '0', '0', '0', '0', '0', '0', '0', '0', '', '', '0', '0', '10.0', '5', '1', '', '[[0,10.00000000],[2,1.40810000],[3,1.40810000],[4,0.01782000],[5,0.01782000],[6,0.01782000],[7,0.01782000],[8,0.01782000],[9,0.01782000],[10,0.01782000],[11,0.01782000],[12,0.01782000],[13,0.01782000],[14,0.01782000],[15,0.01782000],[16,0.01782000],[17,0.01782000],[18,0.01782000],[19,0.01782000],[20,0.01782000]]', '1', '10.00000000', '0.00000000', '0.00000000', '1.40810000', '10.00000000', '1000000.00000000', '610.00000000', '0.00000000', '0.00000000', '0', '2018-07-06 14:18:08', '2018-08-03 16:18:52', '', '', '1', '0', '0', '0', '0', null, 'COMM_MARKET_NAME');
INSERT INTO `market` VALUES ('37', '108', 'WICC_USDT', '100', '2', '0', '0', '0', '0', '0', '0', '0', '0', '', '', '0', '0', '0.5695', '6', '0', '', '[[0,0.02000000],[2,0.04000000],[3,0.05000000],[4,0.01000000],[5,0.03000000],[6,0.02000000],[7,0.20000000],[8,0.60000000],[9,0.20000000],[10,0.40000000]]', '1', '0.02000000', '0.01000000', '0.01000000', '0.01000000', '0.60000000', '52.00000000', '-96.00000000', '0.00000000', '0.00000000', '0', '2018-07-06 14:19:23', '2018-08-03 16:18:52', '', '', '1', '0', '0', '0', '0', null, 'COMM_MARKET_NAME');
INSERT INTO `market` VALUES ('38', '109', 'POA_USDT', '100', '2', '0', '0', '0', '0', '0', '0', '0', '0', '', '', '0', '0', '0.212415', '6', '0', '', '[[0,0.70000000],[2,0.50000000],[3,0.40000000],[4,0.60000000],[5,0.20000000],[6,0.30000000],[7,0.40000000],[8,0.50000000]]', '1', '0.40000000', '0.00000000', '0.30000000', '0.20000000', '0.70000000', '30.00000000', '88.00000000', '0.00000000', '0.00000000', '0', '2018-07-06 14:20:47', '2018-08-03 16:18:52', '', '', '1', '0', '0', '0', '0', null, 'COMM_MARKET_NAME');
INSERT INTO `market` VALUES ('39', '102', 'HOLO_BTC', '101', '2', '', '', '0', '0', '0', '0', '0', '0', '', '', '0', '0', '1.0E-8', '10', '0', '', '[[0,0.00000001],[2,0.00000001],[3,0.00000001],[4,0.00000001],[5,0.00000001],[6,0.00000001],[7,0.00000001],[8,0.00000001],[9,0.00000001],[10,0.00000009],[11,0.00000009],[12,0.00000009],[13,0.00000008],[14,0.00000009],[15,0.00000001],[16,0.00000001],[17,0.00000001],[18,0.00000010],[19,0.00000100],[20,0.00000200]]', '1', '0.00000001', '0.00000000', '0.00000001', '0.00000001', '0.00000001', '10109.00000000', '0.00000000', '0.00000000', '0.00000000', '0', '2018-07-09 15:49:38', '2018-08-03 16:18:52', '', '', '1', '0', '0', '0', '0', null, 'COMM_MARKET_NAME');
INSERT INTO `market` VALUES ('40', '108', 'WICC_ETH', '96', '2', '1', '1', '0', '0', '0', '0', '0', '0', '', '', '0', '0', '0.00084179', '9', '0', '', '[[0,0.00084179],[2,0.00090000],[3,0.00090000],[4,0.50015000],[5,1.00000000],[6,1.00000000],[7,1.00000000],[8,1.00000000],[9,0.00030000],[10,0.00030000],[11,0.00030000],[12,0.00030000],[13,0.00030000],[14,0.00030000],[15,0.00030000],[16,0.00030000],[17,0.00030000],[18,0.00190000],[19,1.00000000],[20,1.00000000]]', '1', '0.00084179', '0.00000000', '0.00000001', '0.00000000', '0.00000000', '0.00000000', '900.00000000', '0.00000000', '0.00000000', '0', '2018-07-19 21:50:39', '2018-08-03 16:18:52', '1:00', '23:59', '1', '0', '0', '100', '100', null, 'COMM_MARKET_NAME');
INSERT INTO `market` VALUES ('41', '102', 'HOLO_ETH', '96', '2', '1', '1', '0', '0', '0', '0', '0', '0', '', '', '0', '0', '0.0000010', '10', '0', '', '[[0,0.00000100],[2,100.00000000],[3,0.00000112],[4,0.00000112],[5,0.00000112],[6,0.00000112],[7,0.00000112],[8,0.00000111],[9,0.00000111],[10,0.00000110],[11,0.00000109],[12,0.00110000],[13,0.00120000],[14,0.00130000],[15,0.00140000],[16,0.00150000],[17,0.00200000],[18,0.00240000],[19,0.00240000],[20,0.00230000]]', '1', '0.00000100', '0.00000000', '0.00000000', '0.00000109', '100.00000000', '186.00000000', '-100.00000000', '0.00000000', '0.00000000', '0', '2018-07-20 11:33:19', '2018-08-03 16:18:52', '0:10', '23:59', '1', '0', '0', '0', '0', null, 'COMM_MARKET_NAME');
INSERT INTO `market` VALUES ('42', '107', 'OCN_QD', '97', '2', '0', '0', '0', '0', '0', '0', '0', '0', '', '', '0', '0', '0.0458', '7', '0', '', '[[0,0.04580000]]', '1', '0.04580000', '0.00000010', '0.04580000', '0.00000000', '0.00000000', '0.00000000', '0.00000000', '0.00000000', '0.00000000', '0', '2018-07-24 12:01:17', '2018-08-03 16:18:52', '', '', '1', '0', '0', '0', '0', null, 'COMM_MARKET_NAME');
INSERT INTO `market` VALUES ('43', '107', 'OCN_USDT', '100', '2', '0', '0', '0', '0', '0', '0', '0', '0', '', '', '0', '0', '1.0E-8', '10', '0', '', '[[0,0.00000001]]', '1', '0.00000001', '0.00000000', '0.00000000', '0.00000000', '0.00000000', '0.00000000', '-100.00000000', '0.00000000', '0.00000000', '0', '2018-07-24 12:03:56', '2018-08-03 16:18:53', '', '', '1', '0', '0', '0', '0', null, 'COMM_MARKET_NAME');
INSERT INTO `market` VALUES ('44', '103', 'QTUM_USDT', '100', '2', '0', '0', '0', '0', '0', '0', '0', '0', '', '', '0', '0', '10.45', '4', '2', '', null, '1', '10.45000000', '0.00000000', '0.00000000', '0.00000000', '0.00000000', '0.00000000', '0.00000000', '0.00000000', '0.00000000', '0', '2018-07-24 12:04:50', '2018-08-03 16:18:53', '', '', '1', '0', '0', '0', '0', null, 'COMM_MARKET_NAME');
INSERT INTO `market` VALUES ('45', '102', 'HOLO_USDT', '100', '2', '0', '0', '0', '0', '0', '0', '0', '0', '', '', '0', '0', '1.0', '6', '0', '', '[[0,1.00000000]]', '1', '1.00000000', '0.00000001', '0.00000000', '1.00000000', '1.00000000', '1.00000000', '90809.00000000', '0.00000000', '0.00000000', '0', '2018-07-24 12:06:11', '2018-08-03 16:18:53', '', '', '1', '0', '0', '0', '0', null, 'COMM_MARKET_NAME');
INSERT INTO `market` VALUES ('46', '108', 'WICC_BTC', '101', '2', '', '', '0', '0', '0', '0', '0', '0', '', '', '0', '0', '0.00004445', '10', '0', '', null, '1', '0.00004445', '0.00000000', '0.00000000', '0.00000000', '0.00000000', '0.00000000', '0.00000000', '0.00000000', '0.00000000', '0', '2018-07-24 12:11:04', '2018-08-03 16:18:53', '', '', '1', '0', '0', '0', '0', null, 'COMM_MARKET_NAME');
INSERT INTO `market` VALUES ('47', '107', 'OCN_BTC', '101', '2', '0', '0', '0', '0', '0', '0', '0', '0', '', '', '0', '0', '8.6E-7', '10', '0', '', null, '1', '0.00000086', '0.00000000', '0.00000000', '0.00000000', '0.00000000', '0.00000000', '0.00000000', '0.00000000', '0.00000000', '0', '2018-07-24 12:11:56', '2018-08-03 16:18:53', '', '', '1', '0', '0', '0', '0', null, 'COMM_MARKET_NAME');
INSERT INTO `market` VALUES ('48', '109', 'POA_BTC', '101', '2', '0', '0', '0', '0', '0', '0', '0', '0', '', '', '0', '0', '1.0E-8', '10', '0', '', null, '1', '0.00000001', '0.00000000', '0.00000000', '0.00000000', '0.00000000', '0.00000000', '0.00000000', '0.00000000', '0.00000000', '0', '2018-07-26 11:55:22', '2018-08-03 16:18:53', '0:01', '23:59', '1', '0', '0', '0', '0', null, 'COMM_MARKET_NAME');
INSERT INTO `market` VALUES ('49', '110', 'ECDC_ETH', '96', '2', '0', '0', '0', '0', '0', '0', '0', '0', '', '', '0', '0', '0.13000000', '6', '0', '', '[[0,0.13000000],[2,0.13000000],[3,0.13000000],[4,0.13000000],[5,0.13000000],[6,0.13000000],[7,0.13000000],[8,0.13000000],[9,0.13000000],[10,0.13000000],[11,0.13000000],[12,0.13000000],[13,0.13000000],[14,0.13000000],[15,0.13000000],[16,0.12200000],[17,0.10000000],[18,0.00000010],[19,0.10000000],[20,0.11000000]]', '1', '0.13000000', '0.00000000', '0.13000000', '0.00000010', '0.13000000', '21514.00000000', '30.00000000', '0.00000000', '0.00000000', '0', '2018-07-26 14:47:46', '2018-08-03 16:18:53', '0:01', '23:59', '0', '0', '0', '0', '0', null, 'COMM_MARKET_NAME');
INSERT INTO `market` VALUES ('50', '110', 'SQL_QD', '97', '2', '0', '0', '0', '0', '0', '0', '0', '0', '', '', '0', '0', '0.17000000', '6', '0', '', '[[0,0.17000000],[2,0.17000000],[3,0.17000000],[4,0.17000000],[5,0.17000000],[6,0.17000000],[7,0.17000000],[8,0.17000000],[9,0.17000000],[10,0.17000000],[11,0.17000000],[12,0.17000000],[13,0.17000000],[14,0.17000000],[15,0.17000000],[16,0.17000000],[17,0.17000000],[18,0.17000000],[19,0.17000000],[20,0.17000000]]', '1', '0.17000000', '0.16000000', '0.17000000', '0.17000000', '0.17000000', '1022.00000000', '6.00000000', '0.00000000', '0.00000000', '0', '2018-07-27 16:12:19', '2018-08-03 16:18:53', '0:01', '23:59', '1', '0', '0', '0', '0', null, 'COMM_MARKET_NAME');
INSERT INTO `market` VALUES ('51', '110', 'SQL_ETH', '96', '2', '0', '0', '0', '0', '0', '0', '0', '0', '', '', '0', '0', '0.0000020', '10', '0', '', '[[0,0.00000200],[2,0.00000200],[3,0.00000200],[4,0.00000200],[5,0.00000200],[6,0.00000200],[7,0.00000200],[8,0.00000200],[9,0.00000200],[10,0.00000200],[11,0.00000200],[12,0.00000200],[13,0.00000200],[14,0.00000200],[15,0.00000200],[16,0.00000200],[17,0.00000200]]', '1', '0.00000200', '0.00000000', '0.00000200', '0.00000200', '0.00000200', '17000.00000000', '0.00000000', '0.00000000', '0.00000000', '0', '2018-07-27 21:32:22', '2018-08-03 16:18:53', '0:00', '23:59', '1', '0', '0', '0', '0', null, 'COMM_MARKET_NAME');
INSERT INTO `market` VALUES ('52', '110', 'SQL_USDT', '100', '2', '0', '0', '0', '0', '0', '0', '0', '0', '', '', '0', '0', '0.021', '7', '0', '', '[[0,0.02500000],[2,0.02500000],[3,0.02500000],[4,0.02500000],[5,0.02500000],[6,0.02500000],[7,0.02500000],[8,0.02500000],[9,0.02500000],[10,0.02500000],[11,0.02500000],[12,0.02500000],[13,0.02500000],[14,0.02500000],[15,0.02500000],[16,0.02500000],[17,0.02500000],[18,0.02500000],[19,0.02500000],[20,0.02500000]]', '1', '0.02500000', '0.02000000', '0.02500000', '0.02000000', '0.02500000', '509.00000000', '19.00000000', '0.00000000', '0.00000000', '0', '2018-07-27 21:34:04', '2018-08-03 16:18:53', '', '', '1', '0', '0', '200', '200', null, 'COMM_MARKET_NAME');
INSERT INTO `market` VALUES ('53', '110', 'SQL_BTC', '101', '2', '0', '0', '0', '0', '0', '0', '0', '0', '', '', '0', '0', '1.0E-7', '10', '0', '', null, '1', '0.00000010', '0.00000000', '0.00000000', '0.00000000', '0.00000000', '0.00000000', '0.00000000', '0.00000000', '0.00000000', '0', '2018-07-27 21:34:33', '2018-08-03 16:18:53', '', '', '1', '0', '0', '0', '0', null, 'COMM_MARKET_NAME');

-- ----------------------------
-- Table structure for trade_log
-- ----------------------------
DROP TABLE IF EXISTS `trade_log`;
CREATE TABLE `trade_log` (
  `id` int(11) unsigned NOT NULL AUTO_INCREMENT,
  `user_id` int(11) unsigned NOT NULL DEFAULT '0' COMMENT '会员id',
  `peer_id` int(11) unsigned DEFAULT '0',
  `user_trade_id` int(11) DEFAULT NULL COMMENT '成交委托ID',
  `peer_trade_id` int(11) DEFAULT NULL COMMENT '被成交委托ID',
  `market` varchar(50) DEFAULT '' COMMENT '币种名称，与market表的name一致',
  `market_id` int(11) DEFAULT NULL COMMENT '市场ID',
  `price` decimal(20,8) unsigned DEFAULT '0.00000000' COMMENT '单价',
  `num` decimal(20,8) unsigned DEFAULT '0.00000000' COMMENT '数量',
  `mum` decimal(20,8) unsigned DEFAULT '0.00000000' COMMENT '总额',
  `fee_buy` decimal(20,8) unsigned DEFAULT '0.00000000' COMMENT '买入手续费',
  `fee_sell` decimal(20,8) unsigned DEFAULT '0.00000000' COMMENT '卖出手续费',
  `type` tinyint(2) unsigned DEFAULT '0' COMMENT '类型，1：买入。2：卖出',
  `sort` int(11) unsigned DEFAULT '0',
  `status` int(1) unsigned NOT NULL DEFAULT '1' COMMENT '状态 ：0禁用、1启用',
  `is_automatic` tinyint(1) unsigned NOT NULL DEFAULT '1' COMMENT '是否刷单(1:正常交易 2:机器人交易)',
  `market_type` tinyint(1) unsigned NOT NULL DEFAULT '1' COMMENT '市场类型(1:普通交易市场 2:C2C交易市场)',
  `automatic_id` int(10) unsigned DEFAULT NULL,
  `show_trade` tinyint(1) unsigned NOT NULL DEFAULT '1' COMMENT '是否显示：(1:显示 2:不显示)',
  `buy_order_no` varchar(64) DEFAULT NULL COMMENT '买流水号',
  `sell_order_no` varchar(64) DEFAULT NULL COMMENT '卖流水号',
  `gmt_created_time` datetime DEFAULT NULL COMMENT '创建时间',
  `gmt_updated_time` datetime DEFAULT NULL COMMENT '更新时间',
  PRIMARY KEY (`id`),
  KEY `status` (`status`) USING BTREE,
  KEY `userid` (`user_id`) USING BTREE,
  KEY `peerid` (`peer_id`) USING BTREE,
  KEY `create_time` (`gmt_created_time`) USING BTREE,
  KEY `market_id_show_trade` (`market_id`,`show_trade`) USING BTREE,
  KEY `automatic_id` (`automatic_id`) USING BTREE,
  KEY `market_id_createTime` (`market_id`,`gmt_created_time`) USING BTREE
) ENGINE=InnoDB DEFAULT CHARSET=gbk COMMENT='交易日志表';

-- ----------------------------
-- Records of trade_log
-- ----------------------------

-- ----------------------------
-- Table structure for user
-- ----------------------------
DROP TABLE IF EXISTS `user`;
CREATE TABLE `user` (
  `id` int(11) NOT NULL AUTO_INCREMENT COMMENT '主键ID',
  `username` varchar(50) CHARACTER SET utf8 NOT NULL COMMENT '帐号',
  `truename` varchar(50) DEFAULT NULL COMMENT '真实姓名',
  `nickname` varchar(255) DEFAULT NULL,
  `moble` varchar(50) DEFAULT NULL COMMENT '手机号',
  `password` varchar(64) NOT NULL COMMENT '登录密码',
  `paypassword` varchar(64) DEFAULT NULL COMMENT '支付密码',
  `checktype` int(255) NOT NULL DEFAULT '0' COMMENT '交易验证类型',
  `idcardtype` tinyint(3) DEFAULT '0' COMMENT '证件类型(1:身份证2:护照)',
  `conf` text COMMENT '用户配置',
  `idcard` varchar(20) DEFAULT NULL COMMENT '身份证',
  `logins` int(10) DEFAULT NULL COMMENT '登录次数',
  `addip` varchar(32) DEFAULT NULL COMMENT 'ip地址',
  `addr` varchar(200) DEFAULT NULL COMMENT '内网IP',
  `email` varchar(64) DEFAULT NULL COMMENT '邮箱',
  `alipay` varchar(64) DEFAULT NULL COMMENT '支付宝',
  `idcard_img1` varchar(100) DEFAULT NULL COMMENT '身份证正面',
  `idcard_img2` varchar(100) DEFAULT NULL COMMENT '身份证反面',
  `idcard_img3` varchar(100) DEFAULT NULL COMMENT '手持身份证',
  `cardrz` tinyint(3) DEFAULT '0' COMMENT '认证结果(0:未实名认证、1:已实名认证 2:正在审核 3:未实名认证(分步注册))',
  `head_url` varchar(100) DEFAULT NULL COMMENT '用户头像',
  `type` tinyint(1) unsigned NOT NULL DEFAULT '1' COMMENT '用户类型(1:注册用户 2:机器人)',
  `status` tinyint(1) DEFAULT '1' COMMENT '状态(1启用、2禁用)',
  `seller_ident` tinyint(1) unsigned DEFAULT '1' COMMENT '1',
  `flag` varchar(255) DEFAULT NULL COMMENT '分组A-Z',
  `google_secret` varchar(50) DEFAULT NULL COMMENT 'google验证器私钥',
  `create_time` datetime DEFAULT NULL COMMENT '创建时间',
  `update_time` datetime DEFAULT NULL COMMENT '更新时间',
  `refuse_cause` varchar(255) DEFAULT NULL COMMENT '身份认证不通过原因',
  `auth_time` datetime DEFAULT NULL COMMENT '身份认证上传时间',
  `ident_type` int(3) DEFAULT '0' COMMENT '认证类型：0普通认证；1阿里认证',
  PRIMARY KEY (`id`),
  UNIQUE KEY `email` (`email`) USING BTREE,
  UNIQUE KEY `moble` (`moble`) USING BTREE,
  KEY `user` (`id`,`username`,`moble`,`email`) USING BTREE
) ENGINE=InnoDB AUTO_INCREMENT=1472 DEFAULT CHARSET=utf8mb4 COMMENT='用户表';

-- ----------------------------
-- Records of user
-- ----------------------------
